Timestamp,Latitude,Longitude,Speed,Road Type,Vehicle Type,Vehicle Count,Congestion Score
2025-01-01 00:00:00,12.974908023769473,77.53702658576772,16,Service Road,Truck,139,24.52941176470588
2025-01-01 01:00:00,13.090142861281983,77.60838018947567,44,Highway,Bike,72,1.6
2025-01-01 02:00:00,13.04639878836228,77.67458916717528,64,Main Road,Truck,151,4.6461538461538465
2025-01-01 03:00:00,13.019731696839408,77.64644497728192,23,Service Road,Bike,163,20.375
2025-01-01 04:00:00,12.931203728088487,77.66131222957229,19,Main Road,Truck,132,13.2
2025-01-01 05:00:00,12.93119890406724,77.63175667334214,89,Highway,Truck,167,1.8555555555555556
2025-01-01 06:00:00,12.91161672243364,77.63845531290357,25,Main Road,Car,189,14.538461538461538
2025-01-01 07:00:00,13.073235229154987,77.66983913031306,63,Service Road,Truck,89,4.171875
2025-01-01 08:00:00,13.020223002348642,77.54993360177184,98,Service Road,Truck,193,5.848484848484848
2025-01-01 09:00:00,13.041614515559209,77.59788499272862,86,Main Road,Car,163,3.7471264367816093
2025-01-01 10:00:00,12.904116898859161,77.54424188836393,79,Highway,Bike,87,1.0875
2025-01-01 11:00:00,13.093981970432399,77.69753360159933,53,Main Road,Bike,99,3.6666666666666665
2025-01-01 12:00:00,13.066488528160084,77.68881186793733,82,Highway,Truck,185,2.2289156626506026
2025-01-01 13:00:00,12.942467822135656,77.5078853622737,54,Main Road,Bike,36,1.309090909090909
2025-01-01 14:00:00,12.93636499344142,77.64111503450314,65,Service Road,Truck,70,3.1818181818181817
2025-01-01 15:00:00,12.936680901970687,77.68504966348314,93,Highway,Car,191,2.0319148936170213
2025-01-01 16:00:00,12.960848448591907,77.53611506902547,91,Highway,Car,120,1.3043478260869565
2025-01-01 17:00:00,13.004951286326447,77.61358904611053,66,Highway,Truck,142,2.1194029850746268
2025-01-01 18:00:00,12.986389003728423,77.68309765951761,30,Service Road,Car,134,12.96774193548387
2025-01-01 19:00:00,12.958245828039608,77.50678919571716,77,Main Road,Car,198,5.076923076923077
2025-01-01 20:00:00,13.022370578944475,77.63948405344937,59,Service Road,Truck,64,3.2
2025-01-01 21:00:00,12.927898772130408,77.5594698014745,42,Highway,Truck,21,0.4883720930232558
2025-01-01 22:00:00,12.958428929707043,77.68487923907531,16,Main Road,Car,100,11.764705882352942
2025-01-01 23:00:00,12.973272368658739,77.69421164903308,79,Service Road,Bike,148,5.550000000000001
2025-01-02 00:00:00,12.991213996843408,77.68885329782269,24,Highway,Bike,20,0.8
2025-01-02 01:00:00,13.057035192278603,77.59484284333149,91,Highway,Truck,50,0.5434782608695652
2025-01-02 02:00:00,12.939934756431672,77.67240853019787,41,Service Road,Truck,171,12.214285714285714
2025-01-02 03:00:00,13.002846887682722,77.66890987970702,84,Service Road,Bike,163,5.752941176470588
2025-01-02 04:00:00,13.018482913772408,77.56382009464865,29,Service Road,Car,111,11.100000000000001
2025-01-02 05:00:00,12.909290082544,77.66578309483013,97,Highway,Bike,92,0.9387755102040817
2025-01-02 06:00:00,13.021508970380287,77.5074015269431,24,Service Road,Bike,133,15.96
2025-01-02 07:00:00,12.934104824737458,77.61925397569641,57,Highway,Bike,143,2.4655172413793105
2025-01-02 08:00:00,12.913010318597056,77.54600176745754,80,Service Road,Bike,123,4.555555555555555
2025-01-02 09:00:00,13.089777107450667,77.52411337715546,30,Highway,Truck,89,2.870967741935484
2025-01-02 10:00:00,13.093126406614912,77.51539064032585,51,Highway,Truck,8,0.15384615384615385
2025-01-02 11:00:00,13.061679469623291,77.63925775517563,35,Main Road,Car,75,4.166666666666667
2025-01-02 12:00:00,12.960922753834675,77.56797499275362,23,Service Road,Car,158,19.75
2025-01-02 13:00:00,12.919534422801277,77.64495335430576,66,Service Road,Car,115,5.149253731343284
2025-01-02 14:00:00,13.036846605302431,77.51307126815979,46,Highway,Car,54,1.148936170212766
2025-01-02 15:00:00,12.98803049874792,77.56305806756612,67,Highway,Bike,144,2.1176470588235294
2025-01-02 16:00:00,12.924407646968955,77.60789825847507,30,Highway,Truck,99,3.193548387096774
2025-01-02 17:00:00,12.999035382022255,77.65814463296779,91,Main Road,Truck,96,2.0869565217391304
2025-01-02 18:00:00,12.906877704223044,77.56375050058641,78,Main Road,Car,69,1.7468354430379747
2025-01-02 19:00:00,13.081864080415755,77.62517827528741,12,Highway,Car,51,3.923076923076923
2025-01-02 20:00:00,12.951755996320003,77.67719554964724,96,Service Road,Bike,185,5.721649484536083
2025-01-02 21:00:00,13.032504456870797,77.62317263763646,99,Service Road,Bike,110,3.3000000000000003
2025-01-02 22:00:00,12.962342215217882,77.54659189495072,46,Main Road,Car,134,5.702127659574468
2025-01-02 23:00:00,13.004013604235562,77.5048801563113,97,Main Road,Truck,110,2.2448979591836733
2025-01-03 00:00:00,13.009342055868656,77.67401977478019,58,Highway,Truck,28,0.4745762711864407
2025-01-03 01:00:00,12.936970891105105,77.50425388217008,28,Service Road,Truck,8,0.8275862068965517
2025-01-03 02:00:00,13.09391692555291,77.67494033453684,98,Highway,Car,112,1.1313131313131313
2025-01-03 03:00:00,13.055026564672223,77.60578742680545,94,Main Road,Truck,23,0.4842105263157895
2025-01-03 04:00:00,13.087899788312837,77.68781353970259,21,Service Road,Bike,158,21.545454545454547
2025-01-03 05:00:00,13.07896547008553,77.65975664715474,70,Service Road,Bike,44,1.8591549295774645
2025-01-03 06:00:00,13.019579995762218,77.69958682210667,50,Main Road,Car,54,2.1176470588235294
2025-01-03 07:00:00,13.084374847004623,77.57014236309034,42,Highway,Bike,175,4.069767441860465
2025-01-03 08:00:00,12.917698500410385,77.65343765778623,59,Highway,Car,79,1.3166666666666667
2025-01-03 09:00:00,12.93919657248383,77.58038618272185,77,Service Road,Truck,199,7.653846153846153
2025-01-03 10:00:00,12.909045457782108,77.59597512406079,80,Main Road,Truck,16,0.3950617283950617
2025-01-03 11:00:00,12.965066066152653,77.62550109264367,95,Service Road,Truck,199,6.21875
2025-01-03 12:00:00,12.977735457937897,77.67473542283727,42,Main Road,Bike,31,1.441860465116279
2025-01-03 13:00:00,12.954269806354779,77.69681669383986,90,Highway,Car,117,1.2857142857142858
2025-01-03 14:00:00,13.065747501830385,77.65365468277291,33,Main Road,Truck,186,10.941176470588236
2025-01-03 15:00:00,12.971350665338718,77.58355335643347,70,Highway,Car,198,2.788732394366197
2025-01-03 16:00:00,12.956186901937476,77.58427140045542,70,Main Road,Truck,53,1.4929577464788732
2025-01-03 17:00:00,13.00853921663165,77.64751646031777,37,Service Road,Bike,148,11.68421052631579
2025-01-03 18:00:00,12.928184844994952,77.54775542915367,67,Highway,Bike,134,1.9705882352941178
2025-01-03 19:00:00,13.060439396150807,77.52209482262629,52,Service Road,Car,64,3.6226415094339623
2025-01-03 20:00:00,12.914910128735954,77.57092443152816,50,Service Road,Bike,186,10.941176470588236
2025-01-03 21:00:00,13.097377387320103,77.55744779833081,48,Highway,Bike,34,0.6938775510204082
2025-01-03 22:00:00,13.054448953859332,77.55926162409119,95,Highway,Car,88,0.9166666666666666
2025-01-03 23:00:00,12.939743136306834,77.54672155020998,58,Service Road,Truck,170,8.64406779661017
2025-01-04 00:00:00,12.901104423424721,77.50841863792728,26,Service Road,Bike,32,3.5555555555555554
2025-01-04 01:00:00,13.063092285690967,77.50357478694669,79,Service Road,Car,29,1.0875
2025-01-04 02:00:00,13.041371468769523,77.6975444779472,79,Service Road,Bike,100,3.75
2025-01-04 03:00:00,13.045801433608197,77.58555462674717,74,Highway,Bike,129,1.72
2025-01-04 04:00:00,13.054254069337189,77.57686532943194,83,Highway,Bike,14,0.16666666666666666
2025-01-04 05:00:00,12.914808930346819,77.63592945653862,94,Service Road,Bike,192,6.063157894736842
2025-01-04 06:00:00,12.971693145708855,77.543650777573,14,Main Road,Car,46,6.133333333333334
2025-01-04 07:00:00,12.923173811905027,77.68999223679005,11,Main Road,Car,44,7.333333333333333
2025-01-04 08:00:00,13.072620685175119,77.65726900288311,31,Highway,Car,81,2.53125
2025-01-04 09:00:00,13.024659625365512,77.51788220046245,66,Service Road,Bike,109,4.880597014925373
2025-01-04 10:00:00,12.96617960497053,77.58351615515699,75,Service Road,Bike,122,4.815789473684211
2025-01-04 11:00:00,12.912711670057204,77.67582366151244,83,Highway,Bike,46,0.5476190476190477
2025-01-04 12:00:00,12.962196464343133,77.68894640445828,25,Main Road,Car,51,3.923076923076923
2025-01-04 13:00:00,12.96503666440535,77.59348030224997,60,Main Road,Bike,169,5.540983606557377
2025-01-04 14:00:00,13.045921235667613,77.62268227784215,48,Main Road,Truck,26,1.0612244897959184
2025-01-04 15:00:00,13.027511494271042,77.53340678921842,95,Highway,Bike,189,1.96875
2025-01-04 16:00:00,13.077442548515265,77.6982337252274,85,Main Road,Truck,111,2.5813953488372094
2025-01-04 17:00:00,12.99444298503239,77.54633434027669,97,Highway,Bike,31,0.3163265306122449
2025-01-04 18:00:00,12.923918849187661,77.68854635482703,49,Highway,Car,45,0.9
2025-01-04 19:00:00,13.042648957444598,77.62992932979847,47,Service Road,Bike,84,5.25
2025-01-04 20:00:00,13.052157009723379,77.62154735897577,69,Main Road,Truck,166,4.742857142857143
2025-01-04 21:00:00,13.012255439513899,77.6025377022033,68,Highway,Truck,164,2.3768115942028984
2025-01-04 22:00:00,13.054193435990912,77.54613396234355,19,Main Road,Bike,93,9.3
2025-01-04 23:00:00,12.998759119272878,77.5353056064011,73,Main Road,Truck,70,1.8918918918918919
2025-01-05 00:00:00,13.0045465658764,77.54409724181403,72,Service Road,Truck,16,0.6575342465753424
2025-01-05 01:00:00,12.98550820367171,77.53728765242884,58,Main Road,Car,172,5.830508474576271
2025-01-05 02:00:00,12.90508382534882,77.65591689471336,73,Service Road,Bike,77,3.121621621621622
2025-01-05 03:00:00,12.921578285398661,77.57002505183334,41,Highway,Bike,80,1.9047619047619047
2025-01-05 04:00:00,12.906285837137347,77.51156853531268,16,Main Road,Bike,94,11.058823529411764
2025-01-05 05:00:00,13.027282082252755,77.69382052602816,30,Highway,Truck,14,0.45161290322580644
2025-01-05 06:00:00,12.962871196215266,77.6767571769927,29,Main Road,Bike,100,6.666666666666667
2025-01-05 07:00:00,13.001714138232941,77.68555045663905,35,Highway,Bike,180,5.0
2025-01-05 08:00:00,13.081513294785218,77.69898156452929,77,Main Road,Car,24,0.6153846153846154
2025-01-05 09:00:00,12.949858445829776,77.53477904984389,95,Main Road,Car,43,0.8958333333333334
2025-01-05 10:00:00,12.982076584607126,77.57924840378054,24,Main Road,Car,64,5.12
2025-01-05 11:00:00,13.051110227708609,77.65164769514082,94,Main Road,Truck,70,1.4736842105263157
2025-01-05 12:00:00,12.945759633098325,77.63920412361077,88,Main Road,Bike,69,1.550561797752809
2025-01-05 13:00:00,12.915395981965759,77.53077918126797,95,Main Road,Car,183,3.8125
2025-01-05 14:00:00,12.957950290582755,77.66316662499813,23,Main Road,Car,128,10.666666666666666
2025-01-05 15:00:00,12.932244257450801,77.54488811436734,36,Main Road,Car,168,9.08108108108108
2025-01-05 16:00:00,13.085939530468515,77.54476352296453,49,Main Road,Bike,156,6.24
2025-01-05 17:00:00,13.061624075912883,77.60739488457868,67,Highway,Bike,159,2.338235294117647
2025-01-05 18:00:00,13.026680751302084,77.61858798696834,37,Service Road,Bike,134,10.578947368421051
2025-01-05 19:00:00,13.074292118037544,77.61601724156756,35,Main Road,Truck,163,9.055555555555555
2025-01-05 20:00:00,13.060734415379823,77.51829736747955,72,Service Road,Truck,61,2.506849315068493
2025-01-05 21:00:00,12.937314011777207,77.67549217252608,75,Main Road,Car,82,2.1578947368421053
2025-01-05 22:00:00,13.078511799697996,77.55312000851774,34,Main Road,Bike,198,11.314285714285715
2025-01-05 23:00:00,13.00786844838313,77.52590298425656,12,Highway,Car,33,2.5384615384615383
2025-01-06 00:00:00,13.061488031032813,77.6777496159738,81,Highway,Bike,19,0.23170731707317074
2025-01-06 01:00:00,13.079218259984698,77.69113029964595,53,Service Road,Bike,16,0.8888888888888888
2025-01-06 02:00:00,12.963600694994373,77.67242552345309,51,Highway,Bike,105,2.019230769230769
2025-01-06 03:00:00,12.922010384905535,77.66190321494497,15,Highway,Truck,160,10.0
2025-01-06 04:00:00,12.945587032508389,77.63104839612781,48,Service Road,Truck,88,5.387755102040816
2025-01-06 05:00:00,12.985421557725251,77.61017147412183,61,Highway,Bike,129,2.0806451612903225
2025-01-06 06:00:00,13.063602953184498,77.51739735198228,32,Main Road,Car,107,6.484848484848484
2025-01-06 07:00:00,13.072146116651268,77.58169064261413,98,Service Road,Bike,28,0.8484848484848484
2025-01-06 08:00:00,12.90139042610624,77.57453770340247,59,Service Road,Bike,153,7.6499999999999995
2025-01-06 09:00:00,13.002149460515513,77.55195075675206,52,Main Road,Car,142,5.3584905660377355
2025-01-06 10:00:00,12.983482200629755,77.64468402273772,28,Highway,Bike,114,3.9310344827586206
2025-01-06 11:00:00,12.944421562094146,77.59917514701576,78,Service Road,Car,82,3.113924050632911
2025-01-06 12:00:00,12.923973073466737,77.51620924318154,60,Service Road,Truck,105,5.163934426229508
2025-01-06 13:00:00,12.967523034280726,77.54403664038996,20,Main Road,Truck,150,14.285714285714286
2025-01-06 14:00:00,13.088581940782504,77.63665175273192,21,Main Road,Car,146,13.272727272727273
2025-01-06 15:00:00,12.964640586404151,77.51522617189806,83,Highway,Truck,166,1.9761904761904763
2025-01-06 16:00:00,13.003758124348673,77.67024138280975,17,Service Road,Truck,132,22.0
2025-01-06 17:00:00,13.040603791779036,77.5990293054028,33,Highway,Car,62,1.8235294117647058
2025-01-06 18:00:00,12.97272592047586,77.59611731546534,50,Highway,Truck,80,1.5686274509803921
2025-01-06 19:00:00,13.094356416544192,77.61848155693191,45,Main Road,Bike,154,6.695652173913044
2025-01-06 20:00:00,13.092489458988421,77.66493619318503,94,Service Road,Bike,40,1.263157894736842
2025-01-06 21:00:00,12.950356459165073,77.56956184158044,81,Service Road,Car,177,6.475609756097562
2025-01-06 22:00:00,12.999449701178477,77.63560323051182,64,Service Road,Truck,168,7.753846153846155
2025-01-06 23:00:00,12.960175661963355,77.61314639279917,18,Main Road,Bike,26,2.736842105263158
2025-01-07 00:00:00,12.956968098875494,77.55340565403388,56,Main Road,Bike,131,4.5964912280701755
2025-01-07 01:00:00,12.907377389470907,77.67572599727103,24,Main Road,Truck,84,6.72
2025-01-07 02:00:00,13.02191286679598,77.65948520432138,57,Main Road,Truck,193,6.655172413793103
2025-01-07 03:00:00,13.000535804645772,77.63169036693169,91,Main Road,Bike,104,2.260869565217391
2025-01-07 04:00:00,12.910295750249999,77.67011634581885,51,Service Road,Bike,188,10.846153846153847
2025-01-07 05:00:00,12.955729292847323,77.67345884019197,69,Highway,Car,100,1.4285714285714286
2025-01-07 06:00:00,13.081653177193331,77.64167259534301,93,Service Road,Car,165,5.26595744680851
2025-01-07 07:00:00,12.947912378133395,77.66740266567274,79,Highway,Bike,177,2.2125
2025-01-07 08:00:00,12.928978974418245,77.63949429233386,21,Main Road,Car,168,15.272727272727273
2025-01-07 09:00:00,12.997890552055512,77.63602815435206,11,Highway,Bike,152,12.666666666666666
2025-01-07 10:00:00,13.09713009082212,77.62372227564303,16,Service Road,Bike,22,3.882352941176471
2025-01-07 11:00:00,12.9484110543023,77.65054332791154,89,Service Road,Car,42,1.4
2025-01-07 12:00:00,13.034427109481175,77.53172102105862,12,Highway,Car,199,15.307692307692308
2025-01-07 13:00:00,13.052323923065744,77.67617415183979,12,Main Road,Truck,155,23.846153846153847
2025-01-07 14:00:00,12.94752750879848,77.67436870554904,36,Main Road,Truck,113,6.108108108108108
2025-01-07 15:00:00,13.045643269722373,77.50584945660691,49,Service Road,Truck,127,7.62
2025-01-07 16:00:00,12.97355662654385,77.66516335011295,42,Highway,Bike,148,3.441860465116279
2025-01-07 17:00:00,13.026461166118716,77.5257739734947,10,Main Road,Car,191,34.72727272727273
2025-01-07 18:00:00,13.026705942152178,77.56702377085183,17,Main Road,Bike,153,17.0
2025-01-07 19:00:00,13.00715493681495,77.64870165125832,41,Service Road,Car,108,7.714285714285715
2025-01-07 20:00:00,12.918057954010882,77.53215197920966,57,Main Road,Bike,144,4.9655172413793105
2025-01-07 21:00:00,13.067060499117847,77.66359340482381,13,Highway,Truck,148,10.571428571428571
2025-01-07 22:00:00,12.964156012994348,77.66642683559155,79,Service Road,Truck,85,3.1875
2025-01-07 23:00:00,12.937303702079971,77.60149354675217,28,Service Road,Truck,91,9.413793103448276
2025-01-08 00:00:00,12.908155028310953,77.50127717434337,41,Highway,Bike,146,3.4761904761904763
2025-01-08 01:00:00,13.018178588637648,77.55740762663498,18,Service Road,Car,65,10.263157894736842
2025-01-08 02:00:00,13.035512872368457,77.62338538367516,21,Main Road,Car,50,4.545454545454546
2025-01-08 03:00:00,12.90331756578557,77.6962372356055,20,Main Road,Truck,36,3.4285714285714284
2025-01-08 04:00:00,13.002418611659856,77.62636270540334,55,Highway,Truck,19,0.3392857142857143
2025-01-08 05:00:00,12.945299155039589,77.55196071621283,25,Main Road,Truck,48,3.6923076923076925
2025-01-08 06:00:00,13.02903455808189,77.62680114061992,10,Highway,Truck,149,13.545454545454545
2025-01-08 07:00:00,12.934873285800998,77.60799707594317,72,Highway,Car,173,2.3698630136986303
2025-01-08 08:00:00,13.038187547620494,77.65596907903023,30,Main Road,Bike,58,3.7419354838709675
2025-01-08 09:00:00,12.977347069260107,77.52139612776539,39,Highway,Bike,48,1.2
2025-01-08 10:00:00,13.087345997747347,77.65220558050041,22,Main Road,Bike,102,8.869565217391305
2025-01-08 11:00:00,12.927504188829198,77.60825331573523,43,Service Road,Bike,9,0.6136363636363636
2025-01-08 12:00:00,12.968213270210052,77.6925984007718,13,Service Road,Truck,113,24.214285714285715
2025-01-08 13:00:00,12.922694704248118,77.56837443320774,37,Highway,Truck,31,0.8157894736842105
2025-01-08 14:00:00,13.084938723655712,77.6265243786268,68,Main Road,Truck,120,3.4782608695652173
2025-01-08 15:00:00,13.075467870676196,77.68640562110201,36,Main Road,Bike,91,4.918918918918919
2025-01-08 16:00:00,12.951588325543032,77.52050194559814,78,Service Road,Truck,108,4.10126582278481
2025-01-08 17:00:00,13.031996809206836,77.68744569744729,34,Service Road,Truck,127,10.885714285714286
2025-01-08 18:00:00,13.063444440040243,77.63757714446017,12,Main Road,Car,83,12.76923076923077
2025-01-08 19:00:00,13.011040162319892,77.51356741182103,77,Highway,Car,47,0.6025641025641025
2025-01-08 20:00:00,13.005930115671202,77.56019271338937,34,Service Road,Truck,101,8.657142857142857
2025-01-08 21:00:00,12.94837045818009,77.64163441772907,29,Highway,Car,35,1.1666666666666667
2025-01-08 22:00:00,12.91862055356118,77.51347012029376,43,Highway,Car,103,2.340909090909091
2025-01-08 23:00:00,13.079443151590665,77.61643409203526,35,Service Road,Truck,21,1.75
2025-01-09 00:00:00,13.080083611432666,77.56917661139059,14,Highway,Truck,87,5.8
2025-01-09 01:00:00,13.026620291454654,77.62418310355349,70,Highway,Truck,114,1.6056338028169015
2025-01-09 02:00:00,12.967805958209741,77.5091484067625,18,Main Road,Truck,186,19.57894736842105
2025-01-09 03:00:00,12.969841914922533,77.67430736123048,59,Highway,Bike,194,3.2333333333333334
2025-01-09 04:00:00,13.045191135774047,77.69469779383549,15,Main Road,Bike,36,4.5
2025-01-09 05:00:00,13.079422051990516,77.69377557105715,92,Service Road,Truck,172,5.548387096774193
2025-01-09 06:00:00,13.077417284853023,77.64993036634858,69,Service Road,Car,145,6.214285714285715
2025-01-09 07:00:00,13.055975109171525,77.52601724802612,53,Main Road,Truck,39,1.4444444444444444
2025-01-09 08:00:00,13.028406329230858,77.65165263918581,20,Service Road,Truck,137,19.57142857142857
2025-01-09 09:00:00,12.91682799299901,77.50491738329175,75,Highway,Car,33,0.4342105263157895
2025-01-09 10:00:00,12.932325742818923,77.5044247103058,56,Highway,Bike,74,1.2982456140350878
2025-01-09 11:00:00,13.079710837705415,77.5647220438299,82,Highway,Truck,157,1.891566265060241
2025-01-09 12:00:00,13.021285811931918,77.59772863808094,94,Service Road,Truck,99,3.1263157894736837
2025-01-09 13:00:00,12.901839410323326,77.65408148356155,97,Highway,Bike,26,0.2653061224489796
2025-01-09 14:00:00,12.920294308573206,77.6366590753213,95,Service Road,Bike,198,6.1875
2025-01-09 15:00:00,13.03270035382161,77.58918054127535,12,Highway,Car,177,13.615384615384615
2025-01-09 16:00:00,12.901012316769243,77.55472533325633,85,Main Road,Bike,73,1.697674418604651
2025-01-09 17:00:00,12.9321616102835,77.69942490003154,39,Service Road,Bike,93,6.9750000000000005
2025-01-09 18:00:00,13.009746757873318,77.58523626044719,99,Service Road,Bike,76,2.2800000000000002
2025-01-09 19:00:00,13.038379039538539,77.59027740486593,30,Highway,Car,133,4.290322580645161
2025-01-09 20:00:00,13.03039225190052,77.53272476423834,37,Service Road,Bike,176,13.894736842105264
2025-01-09 21:00:00,12.944853861892112,77.65896190974999,99,Service Road,Bike,91,2.73
2025-01-09 22:00:00,13.042435844269507,77.6387364451563,71,Main Road,Car,100,2.7777777777777777
2025-01-09 23:00:00,12.94744981749936,77.54415392255775,42,Main Road,Bike,79,3.6744186046511627
2025-01-10 00:00:00,12.965079939631854,77.51647620912317,94,Highway,Bike,171,1.8
2025-01-10 01:00:00,13.049298281023605,77.63609986041494,44,Main Road,Car,58,2.577777777777778
2025-01-10 02:00:00,13.029926579809443,77.63090224285622,61,Highway,Truck,92,1.4838709677419355
2025-01-10 03:00:00,13.069844682098836,77.55465190539964,43,Highway,Car,161,3.659090909090909
2025-01-10 04:00:00,13.031522578460068,77.69017271245008,50,Highway,Bike,58,1.1372549019607843
2025-01-10 05:00:00,13.013661720667095,77.53021157835619,60,Service Road,Bike,20,0.9836065573770492
2025-01-10 06:00:00,12.918734953565618,77.58646696020853,56,Main Road,Bike,103,3.6140350877192984
2025-01-10 07:00:00,12.973543160611888,77.68872318403352,91,Highway,Car,24,0.2608695652173913
2025-01-10 08:00:00,12.953040473536346,77.58394546338522,67,Main Road,Bike,50,1.4705882352941178
2025-01-10 09:00:00,12.948797928675816,77.62770518953282,84,Highway,Bike,199,2.3411764705882354
2025-01-10 10:00:00,13.094602110950488,77.57951887959256,66,Main Road,Car,197,5.880597014925373
2025-01-10 11:00:00,12.978619544933352,77.55484304046973,32,Main Road,Truck,131,7.9393939393939394
2025-01-10 12:00:00,13.078409311035422,77.69679552959197,57,Highway,Truck,62,1.0689655172413792
2025-01-10 13:00:00,13.026227725199453,77.581866801263,31,Service Road,Bike,185,17.34375
2025-01-10 14:00:00,13.058962260708329,77.67881984073583,26,Main Road,Car,115,8.518518518518519
2025-01-10 15:00:00,13.000527418621038,77.54599092117822,78,Service Road,Bike,133,5.050632911392405
2025-01-10 16:00:00,13.015380776925271,77.54262094080502,20,Service Road,Car,85,12.142857142857142
2025-01-10 17:00:00,12.998503538763773,77.5062268165769,24,Highway,Car,198,7.92
2025-01-10 18:00:00,12.939048597559609,77.63033336507517,44,Highway,Truck,161,3.577777777777778
2025-01-10 19:00:00,13.0444904230523,77.57370526874476,42,Highway,Truck,88,2.046511627906977
2025-01-10 20:00:00,12.956154472488171,77.67287164996793,93,Main Road,Car,74,1.574468085106383
2025-01-10 21:00:00,12.90486319328629,77.59464198133831,25,Highway,Bike,12,0.46153846153846156
2025-01-10 22:00:00,13.029094459181433,77.69363868558295,43,Highway,Truck,33,0.75
2025-01-10 23:00:00,12.93542213588141,77.53710510314062,75,Main Road,Bike,116,3.0526315789473686
2025-01-11 00:00:00,13.088091716870583,77.67372463359112,49,Main Road,Truck,183,7.32
2025-01-11 01:00:00,13.090785715400518,77.65531937055835,37,Highway,Truck,165,4.342105263157895
2025-01-11 02:00:00,13.082972878044089,77.65418436892881,56,Highway,Bike,135,2.3684210526315788
2025-01-11 03:00:00,12.974031740051089,77.66895664562338,48,Highway,Truck,192,3.9183673469387754
2025-01-11 04:00:00,12.903091323305773,77.6522047981886,79,Highway,Truck,167,2.0875
2025-01-11 05:00:00,13.085663712517544,77.62524406432628,82,Service Road,Bike,112,4.048192771084337
2025-01-11 06:00:00,12.985636829663463,77.52624897553648,29,Service Road,Truck,113,11.3
2025-01-11 07:00:00,13.093330963808734,77.50650523589825,10,Highway,Truck,24,2.1818181818181817
2025-01-11 08:00:00,13.09272399541785,77.68416956956314,81,Service Road,Truck,77,2.817073170731707
2025-01-11 09:00:00,13.070601891093471,77.62333006290415,96,Main Road,Bike,171,3.5257731958762886
2025-01-11 10:00:00,12.958889778413917,77.65930745819524,72,Service Road,Car,8,0.3287671232876712
2025-01-11 11:00:00,12.977019545720385,77.59630447030251,76,Service Road,Bike,23,0.8961038961038961
2025-01-11 12:00:00,13.070227334303372,77.52346163779248,13,Highway,Car,106,7.571428571428571
2025-01-11 13:00:00,12.963384401031256,77.52503715844051,67,Service Road,Truck,177,7.8088235294117645
2025-01-11 14:00:00,12.933898549337218,77.6371130574458,34,Service Road,Car,175,15.0
2025-01-11 15:00:00,13.01136025249167,77.58606117897989,56,Service Road,Bike,145,7.631578947368421
2025-01-11 16:00:00,13.087230954832156,77.54010494534006,47,Service Road,Bike,145,9.0625
2025-01-11 17:00:00,13.039205959334994,77.5983189093483,24,Main Road,Truck,192,15.36
2025-01-11 18:00:00,13.014012234017873,77.51284178741503,72,Highway,Car,189,2.589041095890411
2025-01-11 19:00:00,12.919435298754154,77.61639428038288,30,Highway,Truck,90,2.903225806451613
2025-01-11 20:00:00,13.023001445339833,77.55379868088703,66,Main Road,Truck,56,1.671641791044776
2025-01-11 21:00:00,13.098010770020853,77.65951182012743,62,Service Road,Bike,115,5.476190476190476
2025-01-11 22:00:00,12.928016803047305,77.56207239178471,55,Main Road,Car,185,6.607142857142857
2025-01-11 23:00:00,13.003665930472748,77.59104402981636,23,Service Road,Car,113,14.125
2025-01-12 00:00:00,13.075474614385591,77.50232410798162,85,Main Road,Car,90,2.0930232558139537
2025-01-12 01:00:00,13.048153723550842,77.51448937755892,26,Highway,Car,47,1.7407407407407407
2025-01-12 02:00:00,13.039403148199053,77.57849871128134,48,Highway,Truck,46,0.9387755102040817
2025-01-12 03:00:00,13.040496816797422,77.59598776694342,18,Highway,Truck,94,4.947368421052632
2025-01-12 04:00:00,12.971898230243951,77.62000410962386,86,Service Road,Bike,119,4.103448275862069
2025-01-12 05:00:00,12.9587183688529,77.55833251574187,88,Service Road,Truck,30,1.0112359550561798
2025-01-12 06:00:00,13.061872231095702,77.63899637722531,91,Main Road,Truck,155,3.369565217391304
2025-01-12 07:00:00,13.062022678935836,77.67202447943784,15,Main Road,Bike,47,5.875
2025-01-12 08:00:00,13.07341446371602,77.65597019777867,32,Highway,Bike,81,2.4545454545454546
2025-01-12 09:00:00,13.082648110511293,77.50792376506968,68,Service Road,Bike,160,6.9565217391304355
2025-01-12 10:00:00,13.002268479772187,77.59610138945156,55,Main Road,Truck,141,5.035714285714286
2025-01-12 11:00:00,13.00030325893744,77.52098603568363,47,Service Road,Truck,24,1.5
2025-01-12 12:00:00,13.059659035793354,77.54840900317251,23,Service Road,Bike,188,23.5
2025-01-12 13:00:00,13.029992786155553,77.69733251865343,81,Highway,Bike,43,0.524390243902439
2025-01-12 14:00:00,13.04039337545154,77.5284991085803,71,Highway,Bike,183,2.5416666666666665
2025-01-12 15:00:00,13.05915853388722,77.59977763069027,44,Service Road,Truck,16,1.0666666666666667
2025-01-12 16:00:00,13.078001068363513,77.62363114686363,28,Service Road,Truck,187,19.344827586206897
2025-01-12 17:00:00,12.967599031370307,77.64049299410883,39,Service Road,Car,15,1.125
2025-01-12 18:00:00,12.975116590527989,77.61192973669739,87,Service Road,Truck,158,5.386363636363637
2025-01-12 19:00:00,12.918796387968174,77.50195416948384,93,Highway,Truck,46,0.48936170212765956
2025-01-12 20:00:00,13.015656028199235,77.56529226164879,34,Main Road,Truck,159,9.085714285714285
2025-01-12 21:00:00,12.907188454759348,77.60354232867694,49,Highway,Bike,15,0.3
2025-01-12 22:00:00,12.993119603626493,77.51757329982897,97,Main Road,Truck,42,0.8571428571428571
2025-01-12 23:00:00,13.008528926941516,77.57012538624184,23,Service Road,Bike,102,12.75
2025-01-13 00:00:00,12.957308250425656,77.50664062175828,35,Main Road,Car,175,9.722222222222221
2025-01-13 01:00:00,13.018166652113802,77.515715699431,96,Highway,Car,23,0.23711340206185566
2025-01-13 02:00:00,12.90610004998781,77.57938465524032,31,Highway,Bike,196,6.125
2025-01-13 03:00:00,12.907469637749843,77.5265431508086,57,Service Road,Bike,138,7.137931034482759
2025-01-13 04:00:00,13.064520112131932,77.61350816965232,92,Highway,Bike,178,1.913978494623656
2025-01-13 05:00:00,12.972038128282252,77.63789299382745,60,Service Road,Truck,120,5.9016393442622945
2025-01-13 06:00:00,12.925412102530377,77.66011733982182,12,Highway,Car,117,9.0
2025-01-13 07:00:00,13.00444865201096,77.54003004884896,51,Highway,Bike,174,3.3461538461538463
2025-01-13 08:00:00,13.053998710619721,77.53349651645182,28,Service Road,Truck,69,7.137931034482759
2025-01-13 09:00:00,12.943164205499368,77.52091356806687,82,Main Road,Car,103,2.4819277108433737
2025-01-13 10:00:00,13.0245780951638,77.62728604990873,37,Highway,Truck,76,2.0
2025-01-13 11:00:00,12.917069492998754,77.64129514529738,93,Main Road,Car,191,4.0638297872340425
2025-01-13 12:00:00,12.910336344233722,77.50631722896513,54,Highway,Truck,56,1.018181818181818
2025-01-13 13:00:00,13.00627092631363,77.68724244924874,80,Highway,Car,122,1.5061728395061729
2025-01-13 14:00:00,13.008127024322022,77.5103942567303,87,Highway,Car,179,2.034090909090909
2025-01-13 15:00:00,13.027485980299641,77.60825926706022,72,Highway,Truck,124,1.6986301369863013
2025-01-13 16:00:00,13.045218266744532,77.64181210389019,82,Main Road,Bike,11,0.26506024096385544
2025-01-13 17:00:00,13.095170415892506,77.67419382474922,28,Main Road,Car,15,1.0344827586206897
2025-01-13 18:00:00,13.00326006966024,77.64281738642649,56,Highway,Bike,107,1.8771929824561404
2025-01-13 19:00:00,12.96459129458825,77.66034561661397,23,Highway,Truck,65,2.7083333333333335
2025-01-13 20:00:00,13.05903723895374,77.56789003850857,47,Main Road,Bike,72,3.0
2025-01-13 21:00:00,12.954166450252416,77.6629650227493,62,Service Road,Bike,157,7.476190476190476
2025-01-13 22:00:00,12.987794284141128,77.51602296927693,70,Service Road,Bike,144,6.084507042253521
2025-01-13 23:00:00,12.915691276268454,77.6789633312121,45,Main Road,Bike,158,6.869565217391305
2025-01-14 00:00:00,12.905070148683091,77.60951847523074,49,Highway,Bike,106,2.12
2025-01-14 01:00:00,13.092529682935584,77.6634595539925,90,Highway,Car,114,1.2527472527472527
2025-01-14 02:00:00,13.06719602410244,77.59046365690367,39,Service Road,Car,144,10.8
2025-01-14 03:00:00,13.03919484121874,77.6287155390393,18,Service Road,Car,175,27.631578947368425
2025-01-14 04:00:00,12.981790588882854,77.60528053218722,73,Main Road,Truck,55,1.4864864864864864
2025-01-14 05:00:00,12.93465886401417,77.64631790435106,42,Service Road,Bike,121,8.44186046511628
2025-01-14 06:00:00,12.931287408534217,77.51632599640612,61,Main Road,Car,169,5.451612903225806
2025-01-14 07:00:00,12.95004857963292,77.51207041679811,98,Service Road,Truck,50,1.5151515151515151
2025-01-14 08:00:00,13.009845332941223,77.54942064680203,23,Service Road,Car,57,7.125
2025-01-14 09:00:00,13.042919184540013,77.53190893602263,84,Service Road,Car,92,3.2470588235294118
2025-01-14 10:00:00,13.032039475343547,77.67435671331845,62,Highway,Bike,125,1.9841269841269842
2025-01-14 11:00:00,12.955986779389189,77.54384279747161,68,Highway,Truck,17,0.2463768115942029
2025-01-14 12:00:00,13.090973056132638,77.69517305116383,87,Highway,Bike,93,1.0568181818181819
2025-01-14 13:00:00,13.047579383339153,77.56737915835423,50,Service Road,Bike,129,7.588235294117647
2025-01-14 14:00:00,13.01087081050228,77.53642358313775,77,Main Road,Car,122,3.128205128205128
2025-01-14 15:00:00,13.022344149246871,77.6579397014285,77,Main Road,Bike,58,1.4871794871794872
2025-01-14 16:00:00,12.983920012485559,77.63174155510018,17,Main Road,Truck,189,21.0
2025-01-14 17:00:00,12.949546197900231,77.59963914329063,11,Main Road,Bike,120,20.0
2025-01-14 18:00:00,12.971194535730252,77.61107271018753,95,Highway,Bike,122,1.2708333333333333
2025-01-14 19:00:00,13.051569222092875,77.64384035565446,50,Highway,Bike,8,0.1568627450980392
2025-01-14 20:00:00,12.902878697725951,77.54569094826626,64,Service Road,Car,79,3.6461538461538456
2025-01-14 21:00:00,12.923214528101383,77.69926678321136,25,Service Road,Truck,53,6.115384615384615
2025-01-14 22:00:00,12.909200528404352,77.69495863242936,71,Main Road,Car,11,0.3055555555555556
2025-01-14 23:00:00,12.908145760463794,77.63006513726938,57,Highway,Car,114,1.9655172413793103
2025-01-15 00:00:00,13.071092116802202,77.53990849018582,39,Main Road,Car,126,6.3
2025-01-15 01:00:00,13.040731571876005,77.63604564848626,21,Service Road,Car,15,2.0454545454545454
2025-01-15 02:00:00,12.994834765817465,77.51443968179584,44,Service Road,Car,96,6.4
2025-01-15 03:00:00,12.9195668321302,77.50613050044116,20,Main Road,Truck,186,17.714285714285715
2025-01-15 04:00:00,12.998323175023366,77.55153657770224,73,Service Road,Bike,177,7.175675675675676
2025-01-15 05:00:00,12.994694354156113,77.59252459134787,59,Main Road,Car,27,0.9
2025-01-15 06:00:00,12.934640373982003,77.67365450108169,94,Highway,Car,32,0.3368421052631579
2025-01-15 07:00:00,12.986770329847594,77.64543381395326,30,Main Road,Truck,115,7.419354838709677
2025-01-15 08:00:00,12.979700946879476,77.64854130424,78,Highway,Truck,61,0.7721518987341772
2025-01-15 09:00:00,13.023170019610443,77.58509866688962,57,Highway,Bike,30,0.5172413793103449
2025-01-15 10:00:00,13.027018730173529,77.5691869985094,29,Service Road,Truck,157,15.7
2025-01-15 11:00:00,12.909060801954409,77.57420775259692,76,Service Road,Bike,58,2.25974025974026
2025-01-15 12:00:00,12.974922522925294,77.69752991274721,53,Service Road,Car,33,1.8333333333333335
2025-01-15 13:00:00,13.025171983142847,77.5080218382825,42,Main Road,Car,101,4.6976744186046515
2025-01-15 14:00:00,13.000627251716018,77.6734062992245,82,Main Road,Bike,168,4.048192771084337
2025-01-15 15:00:00,13.071297968237664,77.61573508171448,70,Service Road,Truck,18,0.7605633802816901
2025-01-15 16:00:00,13.03173872632379,77.58772308383791,18,Main Road,Bike,82,8.631578947368421
2025-01-15 17:00:00,12.932586885416287,77.64505153208303,77,Service Road,Truck,39,1.5
2025-01-15 18:00:00,12.914113749480086,77.59733378828494,44,Main Road,Car,34,1.511111111111111
2025-01-15 19:00:00,13.028483855641262,77.67468464761633,90,Highway,Truck,96,1.054945054945055
2025-01-15 20:00:00,12.905302262108325,77.68014037280226,97,Highway,Bike,21,0.21428571428571427
2025-01-15 21:00:00,13.017155116254692,77.58434418537469,74,Service Road,Bike,199,7.96
2025-01-15 22:00:00,13.08804604828499,77.55536555944701,17,Main Road,Car,162,18.0
2025-01-15 23:00:00,13.015094835575177,77.61847006571867,54,Main Road,Truck,97,3.5272727272727273
2025-01-16 00:00:00,12.977633985241305,77.68247266912334,96,Highway,Truck,177,1.824742268041237
2025-01-16 01:00:00,13.02865764368847,77.54213243780113,56,Highway,Truck,83,1.456140350877193
2025-01-16 02:00:00,12.991650578098303,77.6245933167127,49,Service Road,Car,114,6.84
2025-01-16 03:00:00,13.009123357863187,77.6263120440185,85,Highway,Truck,183,2.127906976744186
2025-01-16 04:00:00,13.088292961755304,77.64662260448306,63,Service Road,Bike,106,4.96875
2025-01-16 05:00:00,12.977220527560155,77.52631353702546,85,Highway,Truck,110,1.2790697674418605
2025-01-16 06:00:00,13.092238112764782,77.64316499293642,55,Highway,Car,51,0.9107142857142857
2025-01-16 07:00:00,13.081070128391213,77.68180650413314,56,Main Road,Truck,185,6.491228070175438
2025-01-16 08:00:00,12.93915822695786,77.53593662177406,24,Highway,Truck,68,2.72
2025-01-16 09:00:00,12.913872260175033,77.54750866498478,28,Highway,Bike,170,5.862068965517241
2025-01-16 10:00:00,12.920155600275486,77.69427901880833,35,Service Road,Truck,68,5.666666666666666
2025-01-16 11:00:00,12.90364436513031,77.53619539054189,61,Highway,Bike,91,1.467741935483871
2025-01-16 12:00:00,12.918888592151186,77.67087701867392,31,Service Road,Bike,11,1.03125
2025-01-16 13:00:00,13.03660135468327,77.5984555712896,30,Highway,Car,26,0.8387096774193549
2025-01-16 14:00:00,12.914237729692045,77.54944621488063,60,Highway,Bike,85,1.3934426229508197
2025-01-16 15:00:00,12.963795126058752,77.6741499802545,47,Service Road,Bike,173,10.8125
2025-01-16 16:00:00,13.068975062193891,77.58906105100053,29,Main Road,Car,78,5.2
2025-01-16 17:00:00,12.904654387147165,77.60296347078594,38,Service Road,Bike,142,10.923076923076923
2025-01-16 18:00:00,13.062893696517786,77.57184667387996,60,Service Road,Car,189,9.295081967213115
2025-01-16 19:00:00,12.95637095495468,77.61859017028699,13,Service Road,Truck,139,29.785714285714285
2025-01-16 20:00:00,12.923632965524332,77.532704774517,64,Main Road,Car,129,3.9692307692307693
2025-01-16 21:00:00,13.03934743307283,77.57821630733035,80,Highway,Bike,54,0.6666666666666666
2025-01-16 22:00:00,13.025788569355976,77.69388246446707,37,Service Road,Car,56,4.421052631578947
2025-01-16 23:00:00,13.075494402705411,77.55162668654023,13,Service Road,Bike,165,35.35714285714286
2025-01-17 00:00:00,13.047014208760777,77.63134733290826,31,Main Road,Truck,5,0.3125
2025-01-17 01:00:00,13.060696186076969,77.56503801284494,85,Service Road,Car,185,6.453488372093023
2025-01-17 02:00:00,12.956406914514261,77.65469462513732,54,Highway,Truck,192,3.4909090909090907
2025-01-17 03:00:00,12.935487908755945,77.52617473214367,76,Main Road,Bike,166,4.311688311688312
2025-01-17 04:00:00,13.050122950328172,77.69396420901572,95,Highway,Bike,8,0.08333333333333333
2025-01-17 05:00:00,13.061366947853452,77.59075790827673,75,Highway,Truck,149,1.9605263157894737
2025-01-17 06:00:00,13.098101028400134,77.54721009266929,97,Main Road,Car,136,2.7755102040816326
2025-01-17 07:00:00,12.982523535382285,77.514699349466,43,Service Road,Car,175,11.931818181818182
2025-01-17 08:00:00,12.974403617158556,77.5339515810175,64,Highway,Bike,8,0.12307692307692308
2025-01-17 09:00:00,13.0552825921484,77.60395478971121,10,Highway,Truck,5,0.45454545454545453
2025-01-17 10:00:00,12.968160708050604,77.56740063528626,81,Highway,Truck,75,0.9146341463414634
2025-01-17 11:00:00,13.086151465120713,77.66577667317652,96,Highway,Car,182,1.8762886597938144
2025-01-17 12:00:00,13.071682550368601,77.58617750473236,47,Main Road,Car,193,8.041666666666666
2025-01-17 13:00:00,12.985798805475003,77.54974285451753,15,Main Road,Car,39,4.875
2025-01-17 14:00:00,13.0501742135583,77.6234289973208,95,Highway,Truck,12,0.125
2025-01-17 15:00:00,13.050908574816937,77.6413554433771,34,Service Road,Car,156,13.371428571428572
2025-01-17 16:00:00,12.920624773767187,77.53340838158019,91,Highway,Car,40,0.43478260869565216
2025-01-17 17:00:00,13.080510581335913,77.53352384325767,26,Service Road,Bike,182,20.22222222222222
2025-01-17 18:00:00,13.001050474489572,77.5073342853867,70,Highway,Car,127,1.7887323943661972
2025-01-17 19:00:00,13.065291493221547,77.64728040301313,21,Service Road,Car,47,6.409090909090908
2025-01-17 20:00:00,12.964009920206122,77.63276090552436,15,Highway,Truck,31,1.9375
2025-01-17 21:00:00,13.079104645699239,77.59492617514996,99,Service Road,Truck,36,1.08
2025-01-17 22:00:00,12.977840335746833,77.66883408979385,36,Highway,Bike,82,2.2162162162162162
2025-01-17 23:00:00,12.90216753029606,77.66113403059002,17,Highway,Car,125,6.944444444444445
2025-01-18 00:00:00,13.081076395283853,77.61707087287935,92,Service Road,Bike,150,4.838709677419354
2025-01-18 01:00:00,12.918257335357227,77.67365425610265,74,Main Road,Truck,160,4.266666666666667
2025-01-18 02:00:00,12.963862727518084,77.54116824200736,66,Service Road,Bike,161,7.208955223880597
2025-01-18 03:00:00,13.090012393410161,77.52238392387954,49,Main Road,Truck,20,0.8
2025-01-18 04:00:00,13.09012142938751,77.5539499223034,23,Highway,Bike,103,4.291666666666667
2025-01-18 05:00:00,13.014687577624658,77.51141737121786,44,Service Road,Bike,51,3.4
2025-01-18 06:00:00,13.02636744243396,77.6062339056002,57,Service Road,Car,191,9.879310344827587
2025-01-18 07:00:00,12.989689104395664,77.687321138459,93,Service Road,Bike,35,1.1170212765957446
2025-01-18 08:00:00,12.958642154339612,77.5078687081337,65,Main Road,Car,8,0.24242424242424243
2025-01-18 09:00:00,12.965732909073983,77.52442198280201,58,Main Road,Car,169,5.728813559322034
2025-01-18 10:00:00,13.034503691215408,77.59043980565669,22,Highway,Car,21,0.9130434782608695
2025-01-18 11:00:00,13.050474905887535,77.68677500350559,70,Main Road,Car,43,1.2112676056338028
2025-01-18 12:00:00,13.058315808745169,77.56323122099535,58,Main Road,Bike,52,1.7627118644067796
2025-01-18 13:00:00,13.05792362855891,77.60144696173768,55,Highway,Truck,178,3.1785714285714284
2025-01-18 14:00:00,12.918241220609739,77.50831457181008,71,Service Road,Truck,180,7.5
2025-01-18 15:00:00,12.998884060940517,77.52966864019241,17,Service Road,Truck,43,7.166666666666666
2025-01-18 16:00:00,12.91151175200333,77.69732602459177,52,Highway,Bike,136,2.5660377358490565
2025-01-18 17:00:00,13.009905776464747,77.69302373928721,29,Service Road,Car,34,3.4
2025-01-18 18:00:00,12.988306100274675,77.50098799618688,99,Main Road,Truck,162,3.24
2025-01-18 19:00:00,13.077540836551659,77.69036235708465,48,Highway,Bike,26,0.5306122448979592
2025-01-18 20:00:00,12.970183002510415,77.6278239875631,94,Highway,Car,70,0.7368421052631579
2025-01-18 21:00:00,12.92341340328552,77.67358365890401,58,Highway,Truck,112,1.8983050847457628
2025-01-18 22:00:00,12.928598336410568,77.59094797112677,73,Service Road,Car,16,0.6486486486486487
2025-01-18 23:00:00,13.052302126343495,77.60311920571586,71,Highway,Truck,40,0.5555555555555556
2025-01-19 00:00:00,13.023643612663252,77.59776931605138,63,Highway,Truck,22,0.34375
2025-01-19 01:00:00,12.920224535224559,77.63337285150922,18,Highway,Truck,94,4.947368421052632
2025-01-19 02:00:00,12.916821361223,77.52793025095126,97,Service Road,Car,185,5.663265306122449
2025-01-19 03:00:00,13.040193826291825,77.50599471797453,46,Main Road,Bike,5,0.2127659574468085
2025-01-19 04:00:00,12.914552601272838,77.56158598831824,58,Highway,Car,131,2.2203389830508473
2025-01-19 05:00:00,13.06437201185807,77.64093615254733,50,Main Road,Truck,190,7.450980392156863
2025-01-19 06:00:00,13.041248445431298,77.5403706904246,26,Service Road,Car,94,10.444444444444445
2025-01-19 07:00:00,12.916269756128381,77.63468648666499,97,Service Road,Bike,91,2.7857142857142856
2025-01-19 08:00:00,12.916967542817039,77.69398240922146,30,Service Road,Car,94,9.096774193548388
2025-01-19 09:00:00,13.097327915700236,77.51878014315788,60,Service Road,Bike,138,6.786885245901638
2025-01-19 10:00:00,12.974854159151224,77.63452042364503,68,Main Road,Bike,74,2.1449275362318843
2025-01-19 11:00:00,12.974128429413378,77.58875004386091,48,Highway,Car,48,0.9795918367346939
2025-01-19 12:00:00,13.0625599134515,77.6736284508755,64,Service Road,Truck,156,7.199999999999999
2025-01-19 13:00:00,13.089449715476771,77.53542995788948,50,Service Road,Bike,90,5.294117647058823
2025-01-19 14:00:00,13.097200212764573,77.63852519044524,48,Main Road,Car,23,0.9387755102040817
2025-01-19 15:00:00,13.050675637051787,77.66762305792962,22,Main Road,Bike,105,9.130434782608695
2025-01-19 16:00:00,12.975251917106183,77.6889228438948,73,Service Road,Truck,150,6.081081081081082
2025-01-19 17:00:00,12.916700143339733,77.63664960565794,20,Highway,Car,99,4.714285714285714
2025-01-19 18:00:00,13.055429383185487,77.59943495280169,28,Highway,Car,105,3.6206896551724137
2025-01-19 19:00:00,13.011680849947162,77.62356944804024,20,Service Road,Car,34,4.857142857142858
2025-01-19 20:00:00,12.984844401849395,77.67378099689574,86,Main Road,Truck,174,4.0
2025-01-19 21:00:00,13.081270877018946,77.61412194932777,55,Service Road,Bike,37,1.9821428571428572
2025-01-19 22:00:00,12.92223949646123,77.50607741193937,54,Service Road,Car,16,0.8727272727272727
2025-01-19 23:00:00,12.998525020858171,77.6861897391014,10,Main Road,Bike,122,22.181818181818183
2025-01-20 00:00:00,12.902270728953484,77.63790535020631,49,Service Road,Bike,98,5.88
2025-01-20 01:00:00,12.993732128398825,77.63530267715545,28,Service Road,Truck,159,16.448275862068964
2025-01-20 02:00:00,12.911260655136369,77.54313503047955,85,Service Road,Car,171,5.965116279069767
2025-01-20 03:00:00,12.923763583253615,77.63177709404653,81,Main Road,Bike,141,3.4390243902439024
2025-01-20 04:00:00,12.923505249355422,77.57877288113083,81,Highway,Car,153,1.8658536585365855
2025-01-20 05:00:00,13.029842060423213,77.6302465954083,70,Highway,Car,80,1.1267605633802817
2025-01-20 06:00:00,13.049208975853084,77.5213186060616,21,Main Road,Truck,33,3.0
2025-01-20 07:00:00,13.016673753019433,77.63156906092061,70,Highway,Car,165,2.323943661971831
2025-01-20 08:00:00,13.092434509694908,77.69988274515414,42,Service Road,Car,194,13.534883720930232
2025-01-20 09:00:00,12.974974115904741,77.5096424077721,54,Highway,Bike,121,2.2
2025-01-20 10:00:00,12.957142417256373,77.69543483684427,99,Service Road,Truck,19,0.5700000000000001
2025-01-20 11:00:00,13.073719825637891,77.58138159214458,78,Highway,Car,6,0.0759493670886076
2025-01-20 12:00:00,12.94471916770389,77.67415069006745,17,Main Road,Bike,184,20.444444444444443
2025-01-20 13:00:00,13.092644507888123,77.65647709681166,34,Highway,Truck,121,3.4571428571428573
2025-01-20 14:00:00,12.902430894937964,77.61340325219733,55,Highway,Truck,176,3.142857142857143
2025-01-20 15:00:00,13.093975765341527,77.64768984185027,96,Highway,Bike,186,1.9175257731958764
2025-01-20 16:00:00,12.908631982390116,77.67570311226027,39,Main Road,Bike,22,1.1
2025-01-20 17:00:00,13.078228622739614,77.5808280643302,56,Highway,Bike,7,0.12280701754385964
2025-01-20 18:00:00,13.00554022181726,77.56540663231264,96,Main Road,Bike,139,2.865979381443299
2025-01-20 19:00:00,13.09859295922386,77.63351867711272,58,Service Road,Bike,175,8.898305084745763
2025-01-20 20:00:00,12.91475931294708,77.66156918838826,56,Highway,Car,170,2.982456140350877
2025-01-20 21:00:00,13.010770856880264,77.65245702695533,93,Main Road,Car,169,3.595744680851064
2025-01-20 22:00:00,13.09386050712382,77.65956272977174,91,Main Road,Truck,190,4.130434782608695
2025-01-20 23:00:00,13.00461956883403,77.58711666296259,27,Highway,Car,165,5.892857142857143
2025-01-21 00:00:00,13.025879727627052,77.663566843235,75,Service Road,Car,112,4.421052631578947
2025-01-21 01:00:00,13.039149737796924,77.52404181107413,77,Main Road,Car,191,4.897435897435898
2025-01-21 02:00:00,12.990908212953554,77.60889781959217,42,Highway,Bike,99,2.302325581395349
2025-01-21 03:00:00,13.025511616016813,77.50115173209963,45,Service Road,Truck,126,8.217391304347826
2025-01-21 04:00:00,13.01686286238462,77.56491716598005,91,Main Road,Truck,15,0.32608695652173914
2025-01-21 05:00:00,13.080231602098198,77.57329230697428,28,Main Road,Truck,72,4.9655172413793105
2025-01-21 06:00:00,12.909089276068292,77.57923453832186,37,Service Road,Truck,127,10.026315789473685
2025-01-21 07:00:00,12.956192637918447,77.63909344133798,49,Service Road,Car,117,7.02
2025-01-21 08:00:00,13.09008229681531,77.57771162025406,93,Highway,Car,102,1.0851063829787233
2025-01-21 09:00:00,13.078052756778183,77.58973872452451,85,Highway,Bike,97,1.127906976744186
2025-01-21 10:00:00,12.991131350557142,77.54750882617486,24,Main Road,Truck,26,2.08
2025-01-21 11:00:00,13.024026519560307,77.57465035832587,50,Service Road,Car,198,11.647058823529411
2025-01-21 12:00:00,12.955476236596226,77.54545392545263,48,Service Road,Car,176,10.775510204081632
2025-01-21 13:00:00,12.937624231944753,77.51463918475369,11,Service Road,Bike,131,32.75
2025-01-21 14:00:00,12.992739680987997,77.62068971867627,72,Main Road,Bike,138,3.780821917808219
2025-01-21 15:00:00,12.970670445605212,77.633642559711,38,Service Road,Bike,174,13.384615384615385
2025-01-21 16:00:00,13.016731222370174,77.62389806920193,83,Service Road,Car,29,1.0357142857142856
2025-01-21 17:00:00,12.915546927392997,77.59269880876012,75,Main Road,Car,189,4.973684210526316
2025-01-21 18:00:00,13.094878961533233,77.57595715603584,60,Highway,Bike,89,1.459016393442623
2025-01-21 19:00:00,13.097242148895921,77.67266672991437,84,Highway,Truck,59,0.6941176470588235
2025-01-21 20:00:00,13.039632342803948,77.60381635702724,86,Main Road,Bike,148,3.4022988505747125
2025-01-21 21:00:00,13.007219273268824,77.59583637552595,19,Service Road,Bike,99,14.850000000000001
2025-01-21 22:00:00,12.961905523257265,77.50512841316129,23,Main Road,Bike,146,12.166666666666666
2025-01-21 23:00:00,13.06275900394139,77.56824956552524,91,Highway,Bike,171,1.858695652173913
2025-01-22 00:00:00,13.036946234510776,77.57603912375717,60,Highway,Car,160,2.622950819672131
2025-01-22 01:00:00,12.93252338786898,77.57976455617938,82,Main Road,Truck,183,4.409638554216867
2025-01-22 02:00:00,13.082185436898769,77.61603447384547,48,Main Road,Bike,123,5.020408163265306
2025-01-22 03:00:00,13.064507448584633,77.60672050934538,37,Highway,Truck,181,4.7631578947368425
2025-01-22 04:00:00,13.089959982658385,77.62158101855869,12,Main Road,Truck,13,2.0
2025-01-22 05:00:00,13.045143901677672,77.65297665230842,93,Highway,Truck,190,2.021276595744681
2025-01-22 06:00:00,13.022683039187157,77.66259714774323,79,Main Road,Bike,177,4.425
2025-01-22 07:00:00,12.983648607258123,77.6436246152453,36,Main Road,Car,154,8.324324324324325
2025-01-22 08:00:00,13.086545696670802,77.69110473919099,11,Main Road,Bike,164,27.333333333333332
2025-01-22 09:00:00,13.073212777900082,77.50364651653527,47,Highway,Truck,46,0.9583333333333334
2025-01-22 10:00:00,12.909043734021239,77.53915559713671,12,Main Road,Truck,57,8.76923076923077
2025-01-22 11:00:00,12.905273394899451,77.50151257499563,25,Highway,Car,191,7.346153846153846
2025-01-22 12:00:00,12.97529267337561,77.62949494283092,49,Highway,Bike,78,1.56
2025-01-22 13:00:00,13.062110666156366,77.67960610979,11,Main Road,Truck,43,7.166666666666667
2025-01-22 14:00:00,13.097455225862989,77.54869645931527,90,Main Road,Car,126,2.769230769230769
2025-01-22 15:00:00,12.930083378220706,77.68540690895927,50,Highway,Truck,19,0.37254901960784315
2025-01-22 16:00:00,13.018826143070427,77.51205347805791,21,Highway,Car,161,7.318181818181818
2025-01-22 17:00:00,12.976178171326204,77.6868872053611,44,Service Road,Car,127,8.466666666666667
2025-01-22 18:00:00,13.09398287956292,77.57032453744793,74,Highway,Bike,115,1.5333333333333334
2025-01-22 19:00:00,13.068423784627141,77.52028416568984,64,Service Road,Truck,135,6.230769230769232
2025-01-22 20:00:00,13.067665740942227,77.59717435183727,54,Service Road,Bike,87,4.745454545454545
2025-01-22 21:00:00,12.993738631958994,77.55135531354411,88,Service Road,Truck,14,0.47191011235955055
2025-01-22 22:00:00,12.982963900467533,77.55697458039239,99,Main Road,Bike,96,1.92
2025-01-22 23:00:00,12.954681414386142,77.56145799298525,94,Main Road,Truck,33,0.6947368421052632
2025-01-23 00:00:00,12.911275099330187,77.66060517956653,71,Highway,Bike,39,0.5416666666666666
2025-01-23 01:00:00,13.07294447525101,77.60783225533505,58,Service Road,Car,10,0.5084745762711864
2025-01-23 02:00:00,13.062580201826016,77.5622615398312,34,Main Road,Truck,144,8.228571428571428
2025-01-23 03:00:00,13.099943534657227,77.62206675666218,32,Main Road,Truck,115,6.96969696969697
2025-01-23 04:00:00,13.09932736741478,77.64323013484464,33,Main Road,Car,42,2.4705882352941178
2025-01-23 05:00:00,13.011086341120526,77.55452480014671,47,Main Road,Bike,81,3.375
2025-01-23 06:00:00,13.053797483036101,77.58270982030507,37,Main Road,Truck,97,5.105263157894737
2025-01-23 07:00:00,13.088953145976486,77.5243772186674,30,Service Road,Truck,151,14.612903225806452
2025-01-23 08:00:00,13.069929478135482,77.53622986990693,63,Service Road,Bike,71,3.328125
2025-01-23 09:00:00,12.94946962034864,77.63622357079299,27,Service Road,Car,140,15.0
2025-01-23 10:00:00,12.990108827062018,77.53628766953912,45,Service Road,Bike,12,0.7826086956521738
2025-01-23 11:00:00,12.9258318830303,77.60503267673342,54,Highway,Bike,126,2.290909090909091
2025-01-23 12:00:00,13.090810205451744,77.64180925234449,82,Service Road,Bike,88,3.1807228915662655
2025-01-23 13:00:00,13.021234926890177,77.52137538461895,62,Main Road,Truck,179,5.682539682539683
2025-01-23 14:00:00,12.945728561100692,77.61346244392578,39,Service Road,Car,136,10.2
2025-01-23 15:00:00,13.034340136881172,77.55131255674027,69,Highway,Car,183,2.6142857142857143
2025-01-23 16:00:00,13.02362564809158,77.69258537504751,41,Main Road,Bike,89,4.238095238095238
2025-01-23 17:00:00,12.971632543606567,77.59670912934399,76,Service Road,Truck,199,7.753246753246753
2025-01-23 18:00:00,12.922711518439925,77.66119850995503,76,Service Road,Bike,49,1.9090909090909092
2025-01-23 19:00:00,13.03431463911856,77.61004530843125,37,Service Road,Truck,140,11.052631578947368
2025-01-23 20:00:00,13.004061540180759,77.50868250657096,53,Main Road,Truck,91,3.3703703703703702
2025-01-23 21:00:00,13.054463678347128,77.6266302751188,88,Main Road,Truck,20,0.449438202247191
2025-01-23 22:00:00,13.004032700222398,77.69028066844133,50,Highway,Truck,81,1.588235294117647
2025-01-23 23:00:00,13.070436300063708,77.62032236402926,72,Main Road,Car,199,5.4520547945205475
2025-01-24 00:00:00,13.010381367754897,77.66383777188535,32,Main Road,Truck,13,0.7878787878787878
2025-01-24 01:00:00,13.012187594307077,77.67684129266968,84,Service Road,Truck,64,2.2588235294117647
2025-01-24 02:00:00,13.07533072053167,77.54561595438979,57,Main Road,Bike,82,2.8275862068965516
2025-01-24 03:00:00,12.98069657324248,77.54240896798164,41,Service Road,Bike,81,5.785714285714286
2025-01-24 04:00:00,12.926803045690129,77.6221961977702,66,Service Road,Car,75,3.3582089552238803
2025-01-24 05:00:00,12.905756535262668,77.58220569396134,42,Main Road,Bike,19,0.8837209302325582
2025-01-24 06:00:00,13.051027451134724,77.66797226057335,33,Highway,Truck,75,2.2058823529411766
2025-01-24 07:00:00,13.024061910270692,77.68000462467961,48,Highway,Bike,106,2.163265306122449
2025-01-24 08:00:00,13.040815953619845,77.57068427586054,43,Main Road,Car,173,7.863636363636363
2025-01-24 09:00:00,12.942592832301782,77.5473741117949,65,Highway,Bike,26,0.3939393939393939
2025-01-24 10:00:00,12.927274295117353,77.65610510304877,37,Service Road,Bike,156,12.315789473684212
2025-01-24 11:00:00,12.902908933133578,77.55496120710963,46,Service Road,Car,117,7.468085106382979
2025-01-24 12:00:00,12.97011751176132,77.66452286370274,16,Main Road,Car,176,20.705882352941178
2025-01-24 13:00:00,13.017983537370927,77.58474765072975,77,Highway,Truck,5,0.0641025641025641
2025-01-24 14:00:00,12.978448809019946,77.6335099798583,46,Highway,Bike,14,0.2978723404255319
2025-01-24 15:00:00,12.987494984404746,77.51910706276693,65,Service Road,Truck,114,5.181818181818182
2025-01-24 16:00:00,13.08083173889875,77.62477186493531,74,Main Road,Bike,188,5.013333333333334
2025-01-24 17:00:00,12.96965109340466,77.59035353574745,74,Highway,Bike,117,1.56
2025-01-24 18:00:00,13.002797897831963,77.6173216926351,56,Main Road,Truck,54,1.894736842105263
2025-01-24 19:00:00,13.056730602548228,77.53360284154897,29,Highway,Bike,16,0.5333333333333333
2025-01-24 20:00:00,12.979308556464254,77.64737474898884,28,Service Road,Bike,93,9.620689655172413
2025-01-24 21:00:00,13.024417340045575,77.67255941550864,38,Service Road,Bike,192,14.76923076923077
2025-01-24 22:00:00,13.07247274174935,77.54334796001815,83,Main Road,Car,158,3.761904761904762
2025-01-24 23:00:00,13.089904124731529,77.51914291110403,69,Service Road,Truck,116,4.9714285714285715
2025-01-25 00:00:00,12.929414696185807,77.50472771720926,27,Highway,Car,82,2.9285714285714284
2025-01-25 01:00:00,13.085317525032298,77.62839430008866,44,Service Road,Truck,173,11.533333333333333
2025-01-25 02:00:00,12.998423258615908,77.62141880721776,52,Main Road,Truck,168,6.339622641509434
2025-01-25 03:00:00,12.951648877659792,77.60933948254282,20,Main Road,Bike,125,11.904761904761905
2025-01-25 04:00:00,12.991827151247652,77.54638941922319,58,Main Road,Truck,27,0.9152542372881356
2025-01-25 05:00:00,13.096006515057095,77.5781811991811,47,Highway,Car,175,3.6458333333333335
2025-01-25 06:00:00,12.998523618798574,77.61889526703723,73,Highway,Car,138,1.864864864864865
2025-01-25 07:00:00,12.965750322057502,77.59935337177184,78,Highway,Car,175,2.2151898734177213
2025-01-25 08:00:00,13.026680170863346,77.69755710404299,17,Highway,Truck,29,1.6111111111111112
2025-01-25 09:00:00,12.948029123755639,77.52728795051135,43,Highway,Car,22,0.5
2025-01-25 10:00:00,12.915172665621734,77.63902891080951,57,Service Road,Truck,194,10.034482758620689
2025-01-25 11:00:00,12.92577594438213,77.58086375362086,65,Highway,Car,145,2.196969696969697
2025-01-25 12:00:00,12.925609167791555,77.58563992298512,85,Highway,Car,47,0.5465116279069767
2025-01-25 13:00:00,12.93038053870246,77.64351955313164,74,Service Road,Truck,82,3.28
2025-01-25 14:00:00,12.927765434529883,77.63848723026487,40,Highway,Car,32,0.7804878048780488
2025-01-25 15:00:00,13.028174948960643,77.69825119874044,13,Main Road,Bike,150,21.428571428571427
2025-01-25 16:00:00,12.93637601687983,77.52567885789082,59,Highway,Truck,63,1.05
2025-01-25 17:00:00,12.969133456664773,77.52082192987683,78,Highway,Truck,192,2.430379746835443
2025-01-25 18:00:00,13.079357681981202,77.64486776342575,39,Main Road,Truck,67,3.35
2025-01-25 19:00:00,12.994792328052574,77.61567738340128,97,Main Road,Bike,189,3.857142857142857
2025-01-25 20:00:00,13.033511547704205,77.55483213331196,68,Main Road,Truck,96,2.782608695652174
2025-01-25 21:00:00,12.934463974240327,77.5158838737978,76,Main Road,Car,183,4.753246753246753
2025-01-25 22:00:00,12.938457803761734,77.51713164991929,84,Highway,Car,60,0.7058823529411765
2025-01-25 23:00:00,12.908173723253297,77.67883817493282,54,Main Road,Car,159,5.781818181818182
2025-01-26 00:00:00,12.933787012614433,77.53837346494375,13,Main Road,Truck,164,23.428571428571427
2025-01-26 01:00:00,12.955718067806393,77.56467431242311,35,Service Road,Car,115,9.583333333333334
2025-01-26 02:00:00,12.93540209685535,77.5453312804454,36,Main Road,Truck,141,7.621621621621622
2025-01-26 03:00:00,12.91774050675141,77.57099926116639,55,Main Road,Car,72,2.5714285714285716
2025-01-26 04:00:00,12.92412717422012,77.51388476854922,73,Service Road,Bike,50,2.027027027027027
2025-01-26 05:00:00,12.992155753606545,77.60381195818165,60,Service Road,Bike,71,3.4918032786885247
2025-01-26 06:00:00,12.941266743681158,77.51352251271844,59,Highway,Bike,158,2.6333333333333333
2025-01-26 07:00:00,12.972853972209615,77.66007130156447,15,Service Road,Bike,140,26.25
2025-01-26 08:00:00,13.000683454170971,77.54674241638209,68,Highway,Truck,10,0.14492753623188406
2025-01-26 09:00:00,13.038078965725873,77.6080023829209,24,Service Road,Car,28,3.3600000000000003
2025-01-26 10:00:00,12.90786242796822,77.6760158175123,39,Service Road,Bike,180,13.5
2025-01-26 11:00:00,13.059882079781808,77.63017547380944,51,Highway,Truck,98,1.8846153846153846
2025-01-26 12:00:00,13.025580077898182,77.60659155731027,46,Service Road,Bike,177,11.297872340425533
2025-01-26 13:00:00,12.916351806389775,77.56486675062308,51,Highway,Bike,17,0.3269230769230769
2025-01-26 14:00:00,13.074715724821354,77.56660038261164,44,Service Road,Truck,29,1.9333333333333336
2025-01-26 15:00:00,13.084174480106363,77.63389739103964,96,Main Road,Truck,152,3.134020618556701
2025-01-26 16:00:00,12.912215591970973,77.69882787224424,15,Service Road,Car,122,22.875
2025-01-26 17:00:00,12.95537552962944,77.63236783796988,77,Highway,Car,86,1.1025641025641026
2025-01-26 18:00:00,13.061240255958612,77.611556683474,27,Service Road,Bike,115,12.32142857142857
2025-01-26 19:00:00,13.049651938076732,77.64613010204785,82,Highway,Bike,86,1.036144578313253
2025-01-26 20:00:00,12.936904203871276,77.59304112245674,38,Highway,Car,70,1.794871794871795
2025-01-26 21:00:00,12.941869864667343,77.51202846852016,86,Main Road,Car,49,1.1264367816091954
2025-01-26 22:00:00,12.974094420558277,77.61245936317559,68,Main Road,Truck,118,3.420289855072464
2025-01-26 23:00:00,12.996904597038204,77.69152505690109,56,Highway,Car,179,3.1403508771929824
2025-01-27 00:00:00,13.02365095430606,77.53506058847154,26,Service Road,Car,67,7.444444444444445
2025-01-27 01:00:00,12.973782727913955,77.63800097816413,31,Highway,Bike,80,2.5
2025-01-27 02:00:00,12.99250694322663,77.54018673773182,77,Highway,Car,118,1.5128205128205128
2025-01-27 03:00:00,13.04949418762675,77.60716553689461,78,Service Road,Bike,115,4.367088607594937
2025-01-27 04:00:00,12.90733664057812,77.51933528992934,46,Service Road,Car,187,11.936170212765957
2025-01-27 05:00:00,12.950487388868805,77.59007418725164,58,Service Road,Truck,151,7.677966101694915
2025-01-27 06:00:00,13.04266991717691,77.65123266577905,22,Service Road,Car,39,5.086956521739131
2025-01-27 07:00:00,13.079041367537439,77.5695143048478,43,Highway,Car,57,1.2954545454545454
2025-01-27 08:00:00,13.002335488423133,77.63298234489744,95,Highway,Car,30,0.3125
2025-01-27 09:00:00,13.006422697053063,77.65908999215794,62,Main Road,Bike,18,0.5714285714285714
2025-01-27 10:00:00,12.921434402267955,77.6854355638959,96,Highway,Truck,122,1.2577319587628866
2025-01-27 11:00:00,12.98948247336469,77.54692841637109,60,Service Road,Car,49,2.4098360655737707
2025-01-27 12:00:00,13.006523453291004,77.57986318316186,12,Main Road,Bike,176,27.076923076923077
2025-01-27 13:00:00,12.948494100726947,77.53048320266609,51,Service Road,Truck,197,11.365384615384615
2025-01-27 14:00:00,12.953848646189876,77.69849670043168,41,Highway,Bike,55,1.3095238095238095
2025-01-27 15:00:00,12.975456832620925,77.68540019358487,60,Main Road,Bike,175,5.737704918032787
2025-01-27 16:00:00,12.904014239555545,77.60799142605612,94,Service Road,Truck,123,3.8842105263157896
2025-01-27 17:00:00,12.964415833116636,77.66840665887528,55,Main Road,Car,155,5.535714285714286
2025-01-27 18:00:00,12.94228960139931,77.60419159545441,30,Main Road,Bike,188,12.129032258064516
2025-01-27 19:00:00,12.965499470435583,77.62471713760056,53,Highway,Bike,23,0.42592592592592593
2025-01-27 20:00:00,12.92395242636385,77.5178248864232,20,Service Road,Car,86,12.285714285714285
2025-01-27 21:00:00,13.078105456147979,77.65105408409936,77,Main Road,Car,80,2.051282051282051
2025-01-27 22:00:00,13.01871849071081,77.52554269672704,10,Main Road,Truck,187,34.0
2025-01-27 23:00:00,13.035820463828898,77.66521352605051,72,Service Road,Truck,96,3.9452054794520546
2025-01-28 00:00:00,13.057834247721468,77.65640561753408,33,Main Road,Truck,192,11.294117647058824
2025-01-28 01:00:00,12.999688439785812,77.64174893954859,22,Main Road,Car,191,16.608695652173914
2025-01-28 02:00:00,12.917384057617484,77.50723207610496,20,Main Road,Bike,37,3.5238095238095237
2025-01-28 03:00:00,13.007421308363709,77.56062567118907,60,Service Road,Bike,151,7.426229508196721
2025-01-28 04:00:00,13.017368223604176,77.55262251398217,26,Service Road,Truck,32,3.5555555555555554
2025-01-28 05:00:00,13.049087894836866,77.5720272814943,91,Service Road,Car,127,4.141304347826087
2025-01-28 06:00:00,12.986331909245935,77.51752854935276,95,Service Road,Bike,184,5.75
2025-01-28 07:00:00,12.925516060559113,77.68739156460622,33,Highway,Truck,130,3.823529411764706
2025-01-28 08:00:00,12.956755181159744,77.61076044814247,28,Main Road,Bike,181,12.482758620689655
2025-01-28 09:00:00,12.972616459279728,77.5611048621316,46,Service Road,Bike,41,2.617021276595745
2025-01-28 10:00:00,13.02918344826632,77.57939630341485,94,Main Road,Car,158,3.3263157894736843
2025-01-28 11:00:00,13.014155660933783,77.58944050810096,17,Main Road,Car,103,11.444444444444445
2025-01-28 12:00:00,12.97121934517957,77.62011886667213,37,Highway,Bike,102,2.6842105263157894
2025-01-28 13:00:00,13.097303049758596,77.6031358855393,14,Service Road,Truck,131,26.199999999999996
2025-01-28 14:00:00,13.021154963871377,77.68387839464289,26,Service Road,Car,172,19.11111111111111
2025-01-28 15:00:00,12.9474453583472,77.59939269658116,45,Main Road,Bike,84,3.652173913043478
2025-01-28 16:00:00,12.92035649452408,77.69843160296466,28,Service Road,Car,42,4.344827586206897
2025-01-28 17:00:00,12.930571827836866,77.67028499154902,73,Main Road,Car,81,2.189189189189189
2025-01-28 18:00:00,12.949191545676902,77.54170210287147,20,Main Road,Car,130,12.380952380952381
2025-01-28 19:00:00,12.932136274651912,77.68611904292878,63,Highway,Bike,91,1.421875
2025-01-28 20:00:00,12.937313404810261,77.5232732795771,54,Highway,Truck,58,1.0545454545454545
2025-01-28 21:00:00,12.957019033738769,77.66348994169824,56,Highway,Truck,154,2.7017543859649122
2025-01-28 22:00:00,12.93467471905895,77.57612465869532,21,Main Road,Truck,20,1.8181818181818181
2025-01-28 23:00:00,13.079353084925284,77.67559486408902,30,Service Road,Car,32,3.096774193548387
2025-01-29 00:00:00,12.91604674913233,77.67361133802149,20,Highway,Bike,167,7.9523809523809526
2025-01-29 01:00:00,13.00490227791405,77.66118508002353,14,Service Road,Car,192,38.400000000000006
2025-01-29 02:00:00,12.982079365397933,77.65800608726141,90,Highway,Truck,177,1.945054945054945
2025-01-29 03:00:00,13.09647572338172,77.5609358278196,65,Highway,Truck,50,0.7575757575757576
2025-01-29 04:00:00,12.92240778043361,77.51618385661025,29,Main Road,Bike,76,5.066666666666666
2025-01-29 05:00:00,12.97957111980915,77.58059603575303,50,Highway,Car,187,3.6666666666666665
2025-01-29 06:00:00,13.093894086655073,77.5347049029973,55,Highway,Truck,89,1.5892857142857142
2025-01-29 07:00:00,13.073101425178796,77.63899021778049,21,Main Road,Bike,30,2.727272727272727
2025-01-29 08:00:00,13.063414414189856,77.56921994530755,79,Service Road,Car,89,3.3375000000000004
2025-01-29 09:00:00,12.951580565408989,77.69512204017198,26,Highway,Car,157,5.814814814814815
2025-01-29 10:00:00,12.934177517478014,77.62819441546907,28,Main Road,Truck,69,4.758620689655173
2025-01-29 11:00:00,13.033728643984887,77.66449611272688,35,Highway,Truck,138,3.8333333333333335
2025-01-29 12:00:00,13.085875197825517,77.52650493454837,57,Main Road,Car,155,5.344827586206897
2025-01-29 13:00:00,13.011352578602786,77.67240289645453,61,Service Road,Car,119,5.758064516129032
2025-01-29 14:00:00,13.01432253789398,77.68455143810269,79,Service Road,Truck,68,2.55
2025-01-29 15:00:00,12.955995818732058,77.59741238376378,64,Main Road,Car,91,2.8
2025-01-29 16:00:00,13.053898586638388,77.6212505875502,84,Main Road,Truck,175,4.117647058823529
2025-01-29 17:00:00,12.937408749711505,77.6529619601806,42,Main Road,Car,111,5.162790697674419
2025-01-29 18:00:00,12.96473584728085,77.53496772545208,71,Service Road,Truck,155,6.458333333333333
2025-01-29 19:00:00,12.985087287723283,77.6005132152927,97,Highway,Bike,100,1.0204081632653061
2025-01-29 20:00:00,13.00152207573689,77.57973260555447,32,Service Road,Truck,162,14.727272727272727
2025-01-29 21:00:00,12.948481946483016,77.52927479843245,24,Main Road,Truck,81,6.48
2025-01-29 22:00:00,12.92296736494784,77.57350688445831,36,Main Road,Bike,150,8.108108108108109
2025-01-29 23:00:00,13.022124008488326,77.5136344618771,84,Service Road,Car,91,3.211764705882353
2025-01-30 00:00:00,12.957726110648052,77.5051623813899,73,Main Road,Bike,153,4.135135135135135
2025-01-30 01:00:00,13.016247644284523,77.52703325783096,90,Service Road,Truck,61,2.010989010989011
2025-01-30 02:00:00,12.930872543054841,77.69262302231783,60,Main Road,Car,107,3.5081967213114753
2025-01-30 03:00:00,12.996228020370964,77.609905907179,62,Highway,Bike,155,2.4603174603174605
2025-01-30 04:00:00,13.006517886510316,77.69316443223065,87,Highway,Car,95,1.0795454545454546
2025-01-30 05:00:00,12.910364707364486,77.58649957566602,91,Main Road,Car,49,1.065217391304348
2025-01-30 06:00:00,12.967320855638784,77.56236322661705,60,Service Road,Bike,176,8.655737704918034
2025-01-30 07:00:00,12.926882935387795,77.60122837256804,56,Highway,Car,92,1.6140350877192982
2025-01-30 08:00:00,12.912674994094553,77.58790233772659,13,Service Road,Bike,119,25.5
2025-01-30 09:00:00,13.097992046477989,77.52113293685235,16,Main Road,Truck,51,6.0
2025-01-30 10:00:00,12.964470768994945,77.62816526293804,44,Service Road,Car,172,11.466666666666667
2025-01-30 11:00:00,13.061974889170926,77.54320763650192,57,Highway,Truck,183,3.1551724137931036
2025-01-30 12:00:00,12.950928130952754,77.62391759097957,82,Service Road,Truck,174,6.289156626506024
2025-01-30 13:00:00,13.036300544444785,77.63004021847964,81,Service Road,Car,139,5.085365853658536
2025-01-30 14:00:00,13.052045571977937,77.53040497062572,54,Main Road,Bike,54,1.9636363636363636
2025-01-30 15:00:00,13.01912774812157,77.51226992542213,90,Main Road,Car,180,3.956043956043956
2025-01-30 16:00:00,12.994315237710031,77.6561523172137,90,Main Road,Truck,88,1.934065934065934
2025-01-30 17:00:00,12.982368182829454,77.59196008475386,81,Highway,Truck,95,1.1585365853658536
2025-01-30 18:00:00,12.969773653308598,77.51163275910109,28,Highway,Bike,138,4.758620689655173
2025-01-30 19:00:00,13.085905828849565,77.69897326343396,72,Main Road,Car,95,2.6027397260273974
2025-01-30 20:00:00,13.066123881557546,77.51155611219927,47,Main Road,Truck,141,5.875
2025-01-30 21:00:00,13.093005382133303,77.6390070457717,76,Highway,Truck,113,1.4675324675324675
2025-01-30 22:00:00,12.924859444697109,77.69673578505268,68,Highway,Truck,61,0.8840579710144928
2025-01-30 23:00:00,13.046173495040728,77.54783602084319,78,Highway,Bike,35,0.4430379746835443
2025-01-31 00:00:00,13.087668091364208,77.52844987373744,22,Highway,Truck,25,1.0869565217391304
2025-01-31 01:00:00,12.936246613233132,77.52427698788449,56,Main Road,Truck,94,3.2982456140350878
2025-01-31 02:00:00,12.913299253473356,77.56065502951353,70,Highway,Car,44,0.6197183098591549
2025-01-31 03:00:00,13.048224129858012,77.52020916220214,40,Main Road,Car,116,5.658536585365853
2025-01-31 04:00:00,13.014894622635982,77.63843226833883,89,Service Road,Truck,49,1.6333333333333333
2025-01-31 05:00:00,13.068365755351655,77.51245835962601,31,Service Road,Truck,81,7.59375
2025-01-31 06:00:00,12.927954475325258,77.60188442562996,95,Highway,Car,181,1.8854166666666667
2025-01-31 07:00:00,13.059053462371978,77.6993393707706,52,Service Road,Bike,91,5.150943396226415
2025-01-31 08:00:00,12.940325464009549,77.66279405390121,76,Service Road,Bike,152,5.922077922077922
2025-01-31 09:00:00,12.932731188573142,77.6230438876462,63,Service Road,Bike,105,4.921875
2025-01-31 10:00:00,12.932853159586198,77.56125072415732,19,Highway,Bike,121,6.05
2025-01-31 11:00:00,13.062914944046277,77.62477916725832,51,Highway,Bike,96,1.8461538461538463
2025-01-31 12:00:00,13.03303944413924,77.60540829278233,73,Service Road,Bike,149,6.04054054054054
2025-01-31 13:00:00,13.004613084953824,77.58521667677807,30,Main Road,Bike,32,2.064516129032258
2025-01-31 14:00:00,12.9717660968247,77.52614207534803,89,Service Road,Bike,173,5.766666666666667
2025-01-31 15:00:00,13.07544010816262,77.6773208430481,85,Highway,Car,198,2.302325581395349
2025-01-31 16:00:00,12.978489021484528,77.58995692976427,75,Highway,Bike,29,0.3815789473684211
2025-01-31 17:00:00,13.063319887894314,77.53892450236415,50,Highway,Bike,62,1.2156862745098038
2025-01-31 18:00:00,12.987826981714043,77.57355187017546,33,Service Road,Bike,45,3.9705882352941178
2025-01-31 19:00:00,12.975388885884982,77.58282595050579,44,Main Road,Truck,138,6.133333333333334
2025-01-31 20:00:00,12.99253595713392,77.66550757911338,65,Highway,Car,79,1.196969696969697
2025-01-31 21:00:00,12.960275574832828,77.64672287611228,39,Highway,Car,42,1.05
2025-01-31 22:00:00,13.04952187603525,77.65386097872828,66,Service Road,Car,138,6.179104477611941
2025-01-31 23:00:00,13.000544078018496,77.50220625288573,56,Main Road,Bike,177,6.2105263157894735
2025-02-01 00:00:00,12.946442539029364,77.58323079963596,44,Service Road,Bike,79,5.266666666666667
2025-02-01 01:00:00,13.079914914654914,77.59626883032706,28,Highway,Truck,146,5.0344827586206895
2025-02-01 02:00:00,12.976778244274643,77.50383845536462,17,Main Road,Car,70,7.777777777777778
2025-02-01 03:00:00,13.008710572222798,77.55196264174901,35,Main Road,Bike,172,9.555555555555555
2025-02-01 04:00:00,13.08129442219291,77.65205796462443,80,Highway,Car,7,0.08641975308641975
2025-02-01 05:00:00,13.024847599182799,77.5274219411458,39,Main Road,Truck,121,6.05
2025-02-01 06:00:00,12.923379608141673,77.60706202629052,16,Main Road,Truck,103,12.117647058823529
2025-02-01 07:00:00,13.087966424722694,77.54304037440345,76,Service Road,Truck,156,6.077922077922077
2025-02-01 08:00:00,13.025541610614283,77.50242415492878,74,Highway,Car,23,0.30666666666666664
2025-02-01 09:00:00,12.966981122931417,77.5482402915199,45,Highway,Bike,150,3.260869565217391
2025-02-01 10:00:00,12.927854414532678,77.69517475098202,34,Highway,Bike,196,5.6
2025-02-01 11:00:00,13.058805037854059,77.6603074223766,46,Highway,Truck,120,2.5531914893617023
2025-02-01 12:00:00,13.024014551185703,77.69191532886421,10,Highway,Bike,129,11.727272727272727
2025-02-01 13:00:00,13.006692218395264,77.59757080878528,24,Main Road,Truck,92,7.36
2025-02-01 14:00:00,13.07877851661019,77.5219472397355,46,Service Road,Car,39,2.4893617021276597
2025-02-01 15:00:00,13.057719442244906,77.60959189779474,22,Highway,Truck,194,8.434782608695652
2025-02-01 16:00:00,12.93033497594655,77.590875466912,17,Service Road,Car,5,0.8333333333333334
2025-02-01 17:00:00,12.96234441355911,77.66887141654793,14,Service Road,Truck,157,31.4
2025-02-01 18:00:00,12.949697827962893,77.51961651615684,69,Main Road,Bike,177,5.057142857142857
2025-02-01 19:00:00,13.048789258514535,77.59764822740436,82,Highway,Bike,181,2.180722891566265
2025-02-01 20:00:00,12.906706486947156,77.5300097329388,10,Main Road,Truck,130,23.636363636363637
2025-02-01 21:00:00,13.013977936974264,77.56493518537802,45,Highway,Bike,93,2.0217391304347827
2025-02-01 22:00:00,13.052491737148138,77.64747141547757,44,Main Road,Bike,148,6.5777777777777775
2025-02-01 23:00:00,13.075353127352349,77.59520362587375,75,Service Road,Bike,151,5.960526315789474
2025-02-02 00:00:00,12.968416349743181,77.57517765702916,72,Highway,Car,155,2.1232876712328768
2025-02-02 01:00:00,13.064251460934402,77.578895255714,32,Service Road,Bike,29,2.6363636363636362
2025-02-02 02:00:00,12.922126347391043,77.5918893536812,18,Service Road,Car,20,3.1578947368421053
2025-02-02 03:00:00,13.069290458346904,77.65700330876741,43,Main Road,Truck,186,8.454545454545455
2025-02-02 04:00:00,12.925497732466397,77.67841693778804,55,Highway,Bike,77,1.375
2025-02-02 05:00:00,12.979457458112073,77.69106693730079,87,Service Road,Bike,133,4.534090909090909
2025-02-02 06:00:00,13.05945907315591,77.65738067725106,13,Main Road,Bike,46,6.571428571428571
2025-02-02 07:00:00,12.929983485469755,77.56308137914961,39,Highway,Truck,151,3.775
2025-02-02 08:00:00,12.945850279046528,77.6376269412173,84,Highway,Car,166,1.9529411764705882
2025-02-02 09:00:00,13.044450513678614,77.58752062481108,81,Service Road,Car,84,3.073170731707317
2025-02-02 10:00:00,13.044007307309215,77.55093412440921,12,Highway,Bike,108,8.307692307692308
2025-02-02 11:00:00,13.028229526577059,77.66817431588518,23,Service Road,Truck,187,23.375
2025-02-02 12:00:00,13.03878968889342,77.50768526979246,69,Highway,Truck,150,2.142857142857143
2025-02-02 13:00:00,13.008544888669519,77.68035239842709,86,Main Road,Truck,38,0.8735632183908046
2025-02-02 14:00:00,12.950359811781391,77.59229549292495,54,Service Road,Truck,93,5.072727272727272
2025-02-02 15:00:00,12.969139198700784,77.62744029536165,43,Service Road,Truck,129,8.795454545454545
2025-02-02 16:00:00,12.936319543360286,77.63187078444116,54,Highway,Car,49,0.8909090909090909
2025-02-02 17:00:00,13.081690112266726,77.67902354814132,70,Highway,Car,138,1.943661971830986
2025-02-02 18:00:00,13.016678358953223,77.62733393643344,92,Service Road,Car,25,0.8064516129032258
2025-02-02 19:00:00,12.980170283352727,77.62278671695202,25,Highway,Bike,126,4.846153846153846
2025-02-02 20:00:00,12.992401160728827,77.51333040811214,75,Main Road,Truck,74,1.9473684210526316
2025-02-02 21:00:00,13.089456667922363,77.60368160438904,49,Highway,Bike,100,2.0
2025-02-02 22:00:00,12.930670280623216,77.53003380016341,26,Main Road,Truck,109,8.074074074074074
2025-02-02 23:00:00,13.01724596640336,77.6474867537443,43,Main Road,Car,52,2.3636363636363638
2025-02-03 00:00:00,13.001177735776894,77.60244438416254,25,Main Road,Bike,43,3.3076923076923075
2025-02-03 01:00:00,13.02229084708693,77.63604555584168,69,Main Road,Car,35,1.0
2025-02-03 02:00:00,12.903622036764169,77.50833458012048,75,Main Road,Truck,14,0.3684210526315789
2025-02-03 03:00:00,13.07442478178883,77.51695840320916,75,Highway,Truck,34,0.4473684210526316
2025-02-03 04:00:00,13.086423656496722,77.64326467761254,99,Main Road,Truck,22,0.44
2025-02-03 05:00:00,13.013026636717841,77.51441686719973,22,Highway,Car,192,8.347826086956522
2025-02-03 06:00:00,13.039330164775379,77.51425134555305,65,Main Road,Truck,92,2.787878787878788
2025-02-03 07:00:00,13.084499876235459,77.50242169504698,40,Service Road,Car,129,9.439024390243903
2025-02-03 08:00:00,13.04144772686268,77.6913002796599,43,Main Road,Bike,77,3.5
2025-02-03 09:00:00,12.930507808582853,77.6475016718918,48,Service Road,Truck,19,1.163265306122449
2025-02-03 10:00:00,13.015257672033362,77.57065028170041,76,Main Road,Truck,8,0.2077922077922078
2025-02-03 11:00:00,13.02134300927657,77.55930711625753,17,Main Road,Truck,195,21.666666666666668
2025-02-03 12:00:00,12.984826134260476,77.56994064594917,96,Main Road,Bike,172,3.5463917525773194
2025-02-03 13:00:00,13.047288847124944,77.65493070623624,87,Service Road,Truck,13,0.44318181818181823
2025-02-03 14:00:00,13.086873402953803,77.63227412221408,64,Service Road,Car,113,5.2153846153846155
2025-02-03 15:00:00,13.085113702581355,77.5370391135735,36,Main Road,Car,141,7.621621621621622
2025-02-03 16:00:00,12.990167874280827,77.53482186706681,62,Highway,Truck,158,2.507936507936508
2025-02-03 17:00:00,12.922647609168152,77.51967912994267,48,Main Road,Truck,136,5.551020408163265
2025-02-03 18:00:00,13.096968239792467,77.63206054394027,74,Service Road,Bike,20,0.8
2025-02-03 19:00:00,13.067779617289187,77.65287453244434,26,Main Road,Bike,147,10.88888888888889
2025-02-03 20:00:00,12.924932536240654,77.553009285665,39,Service Road,Bike,103,7.7250000000000005
2025-02-03 21:00:00,13.084168376523474,77.50418899220618,62,Service Road,Truck,125,5.9523809523809526
2025-02-03 22:00:00,13.073979272412425,77.51643433349528,22,Service Road,Bike,56,7.304347826086957
2025-02-03 23:00:00,13.003767611425214,77.693572006969,30,Main Road,Bike,73,4.709677419354839
2025-02-04 00:00:00,13.018255087148987,77.55908895549548,28,Service Road,Car,9,0.9310344827586208
2025-02-04 01:00:00,12.979800540774026,77.65384462956763,62,Service Road,Bike,24,1.1428571428571428
2025-02-04 02:00:00,12.910952327764406,77.62493271377086,28,Main Road,Car,83,5.724137931034483
2025-02-04 03:00:00,12.96703944832918,77.57638792793058,66,Service Road,Car,150,6.716417910447761
2025-02-04 04:00:00,13.060570689719603,77.54113745243912,34,Main Road,Bike,115,6.571428571428571
2025-02-04 05:00:00,12.900926404600922,77.52427728363187,95,Service Road,Car,6,0.1875
2025-02-04 06:00:00,12.966699834338229,77.62300259360778,40,Highway,Truck,97,2.3658536585365852
2025-02-04 07:00:00,12.979633738718189,77.65492675612757,90,Highway,Truck,17,0.18681318681318682
2025-02-04 08:00:00,13.007479120587584,77.62878085070822,64,Service Road,Bike,8,0.36923076923076925
2025-02-04 09:00:00,13.083971123282552,77.60606042664983,32,Highway,Truck,174,5.2727272727272725
2025-02-04 10:00:00,12.969269198873192,77.50839024468632,41,Main Road,Car,113,5.380952380952381
2025-02-04 11:00:00,12.969390640379245,77.69369775551888,71,Highway,Truck,78,1.0833333333333333
2025-02-04 12:00:00,13.04750024962195,77.65974283833091,83,Service Road,Bike,193,6.892857142857142
2025-02-04 13:00:00,12.990443588177962,77.5585644073402,19,Service Road,Bike,99,14.850000000000001
2025-02-04 14:00:00,12.944920964587997,77.69599406587177,81,Main Road,Car,109,2.658536585365854
2025-02-04 15:00:00,12.990487903226539,77.62037631792727,63,Service Road,Bike,12,0.5625
2025-02-04 16:00:00,12.928171404075961,77.61648453164145,61,Main Road,Truck,71,2.2903225806451615
2025-02-04 17:00:00,12.935277397301245,77.64961463588591,29,Highway,Bike,195,6.5
2025-02-04 18:00:00,12.999673554547895,77.66235395761802,41,Highway,Car,114,2.7142857142857144
2025-02-04 19:00:00,12.983785089900909,77.6312957214663,23,Main Road,Bike,13,1.0833333333333333
2025-02-04 20:00:00,13.08296918021362,77.52561914927324,59,Main Road,Truck,121,4.033333333333333
2025-02-04 21:00:00,12.972478779823327,77.5676535011989,37,Service Road,Car,15,1.1842105263157894
2025-02-04 22:00:00,13.016117670055609,77.68561672806521,62,Highway,Truck,103,1.6349206349206349
2025-02-04 23:00:00,13.026452857583905,77.54492312236877,33,Main Road,Car,46,2.7058823529411766
2025-02-05 00:00:00,12.902618891317667,77.5744334047675,88,Highway,Bike,145,1.6292134831460674
2025-02-05 01:00:00,13.032707474403342,77.58641537658885,31,Main Road,Car,168,10.5
2025-02-05 02:00:00,12.93560719337395,77.5878809979389,39,Highway,Car,124,3.1
2025-02-05 03:00:00,13.092214063493891,77.6225879164989,72,Service Road,Bike,145,5.9589041095890405
2025-02-05 04:00:00,12.929732545550623,77.68861516754895,13,Highway,Truck,16,1.1428571428571428
2025-02-05 05:00:00,12.982924824745405,77.5481385423665,86,Highway,Bike,41,0.47126436781609193
2025-02-05 06:00:00,12.917069933615728,77.52430027526019,68,Highway,Car,78,1.1304347826086956
2025-02-05 07:00:00,13.09937485036919,77.53949409797198,96,Highway,Bike,77,0.7938144329896907
2025-02-05 08:00:00,13.000439002066248,77.67738498004185,17,Highway,Car,56,3.111111111111111
2025-02-05 09:00:00,13.019077003464009,77.62916216253105,91,Service Road,Bike,134,4.369565217391305
2025-02-05 10:00:00,12.913415295477686,77.55718135784784,21,Main Road,Bike,60,5.454545454545454
2025-02-05 11:00:00,13.049992094079835,77.66318938779372,40,Highway,Truck,64,1.5609756097560976
2025-02-05 12:00:00,12.941981118619116,77.67227399927269,87,Service Road,Car,27,0.9204545454545454
2025-02-05 13:00:00,13.079610857888142,77.66930286773805,43,Highway,Truck,107,2.4318181818181817
2025-02-05 14:00:00,12.941027928096402,77.68378530672791,91,Highway,Car,44,0.4782608695652174
2025-02-05 15:00:00,12.938137544132733,77.55044820403468,84,Main Road,Bike,68,1.6
2025-02-05 16:00:00,12.90730993356962,77.65100838574926,85,Highway,Car,89,1.0348837209302326
2025-02-05 17:00:00,12.994413389022,77.59210789945483,58,Service Road,Truck,155,7.88135593220339
2025-02-05 18:00:00,13.012968226652523,77.66839971057802,88,Service Road,Truck,161,5.426966292134831
2025-02-05 19:00:00,12.913141727885671,77.64569813543233,66,Main Road,Truck,183,5.462686567164179
2025-02-05 20:00:00,13.055105523339002,77.65528948929995,35,Highway,Car,93,2.5833333333333335
2025-02-05 21:00:00,12.990657766949605,77.63123236753621,27,Service Road,Truck,35,3.75
2025-02-05 22:00:00,13.004878053865516,77.53548575389394,95,Highway,Truck,182,1.8958333333333333
2025-02-05 23:00:00,12.988152549387646,77.60900538377939,47,Highway,Truck,24,0.5
2025-02-06 00:00:00,12.980152612175065,77.69693394790491,90,Highway,Bike,187,2.0549450549450547
2025-02-06 01:00:00,13.011928066261644,77.68747761329942,96,Main Road,Bike,134,2.7628865979381443
2025-02-06 02:00:00,12.931048049186142,77.5086347471594,97,Highway,Car,157,1.6020408163265305
2025-02-06 03:00:00,12.936385626099055,77.53296296314589,59,Service Road,Car,17,0.85
2025-02-06 04:00:00,13.072357124202703,77.52634575469091,17,Highway,Truck,126,7.0
2025-02-06 05:00:00,13.089223092426726,77.64519598199706,50,Service Road,Bike,107,6.294117647058824
2025-02-06 06:00:00,12.974661863255951,77.66355706597139,15,Highway,Truck,110,6.875
2025-02-06 07:00:00,12.95414893462871,77.54270227326214,78,Service Road,Truck,123,4.670886075949367
2025-02-06 08:00:00,13.028799908647803,77.60117053859037,53,Service Road,Bike,74,4.111111111111112
2025-02-06 09:00:00,12.981746834219619,77.66814060560225,73,Highway,Bike,199,2.689189189189189
2025-02-06 10:00:00,12.90507727113207,77.64656030895326,38,Highway,Bike,190,4.871794871794871
2025-02-06 11:00:00,12.931230519473239,77.60844744109838,37,Service Road,Car,103,8.131578947368421
2025-02-06 12:00:00,13.04319444576948,77.61806953809176,20,Main Road,Car,86,8.19047619047619
2025-02-06 13:00:00,13.03178478838203,77.60167210938326,74,Highway,Truck,79,1.0533333333333332
2025-02-06 14:00:00,12.905419198500697,77.55950969026377,28,Main Road,Car,122,8.413793103448276
2025-02-06 15:00:00,12.94439443238659,77.6130043985718,18,Highway,Bike,88,4.631578947368421
2025-02-06 16:00:00,12.946214959317615,77.63777706041002,36,Highway,Bike,196,5.297297297297297
2025-02-06 17:00:00,13.034378548719745,77.67466458317216,43,Highway,Car,73,1.6590909090909092
2025-02-06 18:00:00,12.903942107550874,77.62725827079585,53,Highway,Truck,63,1.1666666666666667
2025-02-06 19:00:00,12.920821716396915,77.65222430740863,77,Main Road,Truck,192,4.923076923076923
2025-02-06 20:00:00,13.059983217074638,77.53201432699092,91,Highway,Car,130,1.4130434782608696
2025-02-06 21:00:00,12.935708932410867,77.59231149488396,24,Service Road,Truck,115,13.799999999999999
2025-02-06 22:00:00,13.030549221570375,77.50186632396542,60,Service Road,Truck,66,3.245901639344263
2025-02-06 23:00:00,12.947636556209346,77.54933577290433,22,Main Road,Truck,148,12.869565217391305
2025-02-07 00:00:00,12.91988827855187,77.6452923430226,92,Highway,Bike,132,1.4193548387096775
2025-02-07 01:00:00,12.94863443819989,77.69836199026987,58,Service Road,Bike,109,5.5423728813559325
2025-02-07 02:00:00,13.044453386371131,77.51983561991744,79,Main Road,Car,72,1.8
2025-02-07 03:00:00,13.071139293621258,77.58029886317226,65,Highway,Bike,19,0.2878787878787879
2025-02-07 04:00:00,13.066043972913398,77.66001419373984,85,Service Road,Truck,187,6.523255813953488
2025-02-07 05:00:00,12.97943670592369,77.54080712692578,60,Service Road,Bike,39,1.918032786885246
2025-02-07 06:00:00,13.03361702731413,77.61101698986046,46,Main Road,Car,187,7.957446808510638
2025-02-07 07:00:00,12.940996859083164,77.64661425920593,26,Highway,Bike,18,0.6666666666666666
2025-02-07 08:00:00,12.958629546052203,77.62319709005203,67,Highway,Truck,181,2.661764705882353
2025-02-07 09:00:00,13.079267163704223,77.53760494692308,96,Service Road,Truck,106,3.2783505154639174
2025-02-07 10:00:00,12.902600384702147,77.57107691373714,99,Service Road,Car,104,3.12
2025-02-07 11:00:00,12.917101706170893,77.65675835689709,38,Service Road,Bike,11,0.8461538461538461
2025-02-07 12:00:00,12.941577251029205,77.6108453028264,42,Highway,Bike,34,0.7906976744186046
2025-02-07 13:00:00,12.905306440774764,77.50104592270858,69,Main Road,Bike,53,1.5142857142857142
2025-02-07 14:00:00,12.93628708701796,77.65219815200562,98,Main Road,Truck,148,2.98989898989899
2025-02-07 15:00:00,13.016608312193938,77.50706227098804,64,Highway,Car,115,1.7692307692307692
2025-02-07 16:00:00,12.9842849101185,77.64914675654624,19,Main Road,Bike,183,18.3
2025-02-07 17:00:00,13.078534342215395,77.54049611203305,56,Service Road,Truck,76,4.0
2025-02-07 18:00:00,13.063488712347688,77.69161469602388,32,Main Road,Truck,84,5.090909090909091
2025-02-07 19:00:00,12.968363470339575,77.57358815026042,94,Main Road,Truck,87,1.831578947368421
2025-02-07 20:00:00,12.951884686686258,77.56538632326762,30,Main Road,Bike,46,2.967741935483871
2025-02-07 21:00:00,12.975938481633454,77.52977761006649,22,Service Road,Bike,21,2.7391304347826084
2025-02-07 22:00:00,13.018058988502961,77.56112084309804,42,Highway,Bike,195,4.534883720930233
2025-02-07 23:00:00,12.953612728164575,77.67533015236565,33,Service Road,Bike,177,15.617647058823529
2025-02-08 00:00:00,13.024829781569826,77.69926686752545,20,Highway,Bike,11,0.5238095238095238
2025-02-08 01:00:00,12.981882330438248,77.57366190610136,26,Highway,Bike,159,5.888888888888889
2025-02-08 02:00:00,13.010409436170397,77.5897221261909,77,Highway,Bike,14,0.1794871794871795
2025-02-08 03:00:00,12.987225305827064,77.64441418764055,56,Main Road,Bike,38,1.3333333333333333
2025-02-08 04:00:00,12.958893151908384,77.67723915609302,34,Main Road,Bike,40,2.2857142857142856
2025-02-08 05:00:00,13.089690661392432,77.61860886683736,82,Highway,Truck,157,1.891566265060241
2025-02-08 06:00:00,13.052721158831952,77.57830513963556,30,Highway,Bike,10,0.3225806451612903
2025-02-08 07:00:00,12.92802263515329,77.58252436816973,93,Main Road,Car,156,3.3191489361702127
2025-02-08 08:00:00,13.073693595179583,77.63912362929936,92,Service Road,Truck,150,4.838709677419354
2025-02-08 09:00:00,12.997486239649902,77.50064365272085,92,Highway,Bike,138,1.4838709677419355
2025-02-08 10:00:00,13.078910445378819,77.62391786749197,21,Service Road,Car,33,4.5
2025-02-08 11:00:00,13.059971051189462,77.57109860208827,46,Main Road,Bike,130,5.531914893617022
2025-02-08 12:00:00,12.985042700893846,77.65883946625542,51,Highway,Car,157,3.019230769230769
2025-02-08 13:00:00,12.904493861664024,77.51859812796462,26,Service Road,Car,187,20.77777777777778
2025-02-08 14:00:00,12.953735471876989,77.61764045338968,57,Service Road,Car,85,4.396551724137931
2025-02-08 15:00:00,13.008326842932174,77.59619457797723,37,Service Road,Car,178,14.052631578947368
2025-02-08 16:00:00,13.02669564396523,77.62846510518105,50,Main Road,Truck,156,6.117647058823529
2025-02-08 17:00:00,12.95157753708664,77.5129707188966,56,Main Road,Truck,79,2.7719298245614037
2025-02-08 18:00:00,12.927871214814566,77.61599675748563,27,Service Road,Car,30,3.2142857142857144
2025-02-08 19:00:00,13.06698604735986,77.6122969175919,87,Service Road,Bike,131,4.465909090909091
2025-02-08 20:00:00,13.09688043614071,77.61213201888323,80,Main Road,Car,119,2.9382716049382718
2025-02-08 21:00:00,13.005138036460536,77.62069753331929,22,Service Road,Truck,130,16.956521739130437
2025-02-08 22:00:00,12.93433585716966,77.63529358744528,91,Service Road,Bike,32,1.0434782608695652
2025-02-08 23:00:00,12.954461465303874,77.66099779993615,22,Main Road,Truck,135,11.73913043478261
2025-02-09 00:00:00,12.903678135309494,77.55396414402564,40,Service Road,Truck,79,5.780487804878049
2025-02-09 01:00:00,13.082859761312099,77.66500988203602,11,Service Road,Bike,170,42.5
2025-02-09 02:00:00,12.923550216578029,77.59965113645269,25,Service Road,Car,193,22.26923076923077
2025-02-09 03:00:00,13.01530329510285,77.51541165582687,18,Main Road,Car,82,8.631578947368421
2025-02-09 04:00:00,12.954811044137442,77.5117101858488,82,Service Road,Car,183,6.614457831325301
2025-02-09 05:00:00,13.010835600503158,77.56684766373921,47,Main Road,Car,94,3.9166666666666665
2025-02-09 06:00:00,13.030284077670373,77.6569793954223,84,Main Road,Bike,180,4.235294117647059
2025-02-09 07:00:00,13.06594836074144,77.64153618694819,63,Highway,Bike,25,0.390625
2025-02-09 08:00:00,12.941284254352121,77.65772299293448,65,Highway,Bike,58,0.8787878787878788
2025-02-09 09:00:00,12.902199165731696,77.60345381128832,95,Service Road,Truck,188,5.875
2025-02-09 10:00:00,12.927377126013761,77.5880397995911,96,Main Road,Bike,107,2.2061855670103094
2025-02-09 11:00:00,13.08000372836962,77.52949050534126,54,Highway,Car,63,1.1454545454545455
2025-02-09 12:00:00,13.074778015512504,77.56563855072186,43,Service Road,Truck,76,5.181818181818182
2025-02-09 13:00:00,13.019482620434061,77.58680387323477,18,Highway,Car,183,9.631578947368421
2025-02-09 14:00:00,13.02010337208673,77.51772008593592,97,Highway,Car,24,0.24489795918367346
2025-02-09 15:00:00,13.03300733490925,77.54412239054224,17,Main Road,Bike,116,12.88888888888889
2025-02-09 16:00:00,12.93507425572469,77.61964505881275,16,Main Road,Bike,63,7.411764705882353
2025-02-09 17:00:00,13.082882389184991,77.64713262284783,45,Highway,Car,75,1.6304347826086956
2025-02-09 18:00:00,12.983754104978415,77.6996695022786,27,Highway,Car,141,5.035714285714286
2025-02-09 19:00:00,12.9766277056499,77.68662266626872,12,Main Road,Truck,113,17.384615384615383
2025-02-09 20:00:00,13.003783541056567,77.62851303990703,37,Service Road,Bike,133,10.5
2025-02-09 21:00:00,12.909393193355012,77.58424961065882,79,Main Road,Truck,161,4.025
2025-02-09 22:00:00,12.933256673751217,77.62723547294165,53,Highway,Truck,195,3.611111111111111
2025-02-09 23:00:00,13.047606723285273,77.65713032361604,30,Service Road,Truck,60,5.806451612903226
2025-02-10 00:00:00,12.916559733585025,77.52366723818467,37,Highway,Car,39,1.0263157894736843
2025-02-10 01:00:00,13.020630421893278,77.58198097793925,63,Service Road,Truck,127,5.953125
2025-02-10 02:00:00,12.949069821936265,77.66796045712712,63,Highway,Truck,135,2.109375
2025-02-10 03:00:00,12.977859122808395,77.57676659038661,74,Service Road,Car,108,4.32
2025-02-10 04:00:00,12.95773874735414,77.61437445424544,30,Service Road,Bike,11,1.064516129032258
2025-02-10 05:00:00,12.97113454329299,77.61755387217244,22,Highway,Bike,31,1.3478260869565217
2025-02-10 06:00:00,13.043809181036849,77.53689525062673,66,Service Road,Truck,5,0.22388059701492535
2025-02-10 07:00:00,12.959424343124635,77.57244708833046,58,Main Road,Car,176,5.966101694915254
2025-02-10 08:00:00,13.013280928059379,77.56690225774838,63,Highway,Bike,91,1.421875
2025-02-10 09:00:00,12.99521008043982,77.50523934170641,19,Main Road,Truck,45,4.5
2025-02-10 10:00:00,13.03273423307253,77.50483835277826,62,Highway,Truck,127,2.015873015873016
2025-02-10 11:00:00,13.087365947864951,77.66633940873515,53,Service Road,Car,79,4.388888888888889
2025-02-10 12:00:00,13.04651441944205,77.55461416199456,56,Service Road,Truck,46,2.4210526315789473
2025-02-10 13:00:00,12.942988075718151,77.60361575324777,62,Service Road,Bike,121,5.761904761904762
2025-02-10 14:00:00,12.906236627012257,77.55974511471776,83,Highway,Car,165,1.9642857142857142
2025-02-10 15:00:00,12.952452808859965,77.68813584902307,55,Main Road,Bike,182,6.5
2025-02-10 16:00:00,13.019015586140052,77.55185935177316,22,Main Road,Bike,67,5.826086956521739
2025-02-10 17:00:00,12.91028516269685,77.58593136254778,46,Highway,Bike,169,3.595744680851064
2025-02-10 18:00:00,12.999273249440247,77.67454605009692,33,Highway,Truck,191,5.617647058823529
2025-02-10 19:00:00,13.019368569783378,77.66838671335836,11,Main Road,Truck,131,21.833333333333332
2025-02-10 20:00:00,12.966848778163392,77.53722028356925,95,Main Road,Bike,180,3.75
2025-02-10 21:00:00,13.054182440749164,77.66052866195915,90,Main Road,Bike,137,3.010989010989011
2025-02-10 22:00:00,12.921319650626755,77.59163737734758,23,Main Road,Car,52,4.333333333333333
2025-02-10 23:00:00,12.915027556347162,77.59659377441707,19,Highway,Car,7,0.35
2025-02-11 00:00:00,13.04563775124072,77.52669599448319,44,Highway,Truck,120,2.6666666666666665
2025-02-11 01:00:00,12.99909826324124,77.51612030275143,34,Service Road,Truck,179,15.342857142857142
2025-02-11 02:00:00,13.037680479285546,77.64558786139476,12,Main Road,Car,194,29.846153846153847
2025-02-11 03:00:00,12.986965467720749,77.59929223047106,26,Service Road,Bike,103,11.444444444444445
2025-02-11 04:00:00,12.949280406647821,77.58737014052303,21,Highway,Truck,120,5.454545454545454
2025-02-11 05:00:00,13.06382046353484,77.64590164573048,63,Highway,Bike,18,0.28125
2025-02-11 06:00:00,13.059883175793797,77.65310257979823,33,Service Road,Car,195,17.205882352941178
2025-02-11 07:00:00,13.038939294170886,77.53178163353387,38,Main Road,Truck,116,5.948717948717949
2025-02-11 08:00:00,12.954429027445993,77.62204502989553,52,Main Road,Truck,65,2.452830188679245
2025-02-11 09:00:00,13.018046133373817,77.52707081645553,34,Main Road,Car,163,9.314285714285715
2025-02-11 10:00:00,12.972194779388005,77.65027501720581,69,Main Road,Truck,99,2.8285714285714287
2025-02-11 11:00:00,12.918316414665327,77.63139103125343,99,Service Road,Car,21,0.63
2025-02-11 12:00:00,13.083462715092448,77.69132292421669,74,Service Road,Truck,128,5.12
2025-02-11 13:00:00,12.927363726183792,77.51379160327129,93,Highway,Car,28,0.2978723404255319
2025-02-11 14:00:00,13.09004747076416,77.51141094423025,37,Main Road,Truck,120,6.315789473684211
2025-02-11 15:00:00,12.98920115459159,77.55643741493864,25,Main Road,Bike,155,11.923076923076923
